"name","degree","betweenness_centrality","closeness_centrality","eigenvector_centrality","Abundance","module","z","p","taxa_roles","Phylum","Class","Order","Family","Genus","Species","category"
"MAG_002",1,0,1.0251256281407,2.12902658130635e-17,0.553198562530378,"M36",NA,NA,NA,"Proteobacteria","Gammaproteobacteria","Burkholderiales","Burkholderiaceae","Variovorax","Unassign","RP sig"
"MAG_004",2,0,0.108916177255739,0,0.0229508282066546,"M7",0,0,"Peripheral nodes","Actinobacteriota","Actinomycetia","Mycobacteriales","Pseudonocardiaceae","Crossiella","Unassign","RP sig"
"MAG_007",3,1,0.350816852966466,0,0.178056549864815,"M12",0.866025403784439,0,"Peripheral nodes","Bacteroidota","Bacteroidia","Chitinophagales","Chitinophagaceae","JACDAZ01","Unassign","RP sig"
"MAG_008",6,0,0.0175634954799828,0,0.15626253773467,"M5",-0.44624838252542,0,"Peripheral nodes","Bacteroidota","Bacteroidia","Cytophagales","Cyclobacteriaceae","Chryseolinea","Unassign","RP sig"
"MAG_010",4,0,0.260204081632653,3.19353987195953e-17,0.139917042528237,"M9",NA,NA,NA,"Verrucomicrobiota","Verrucomicrobiae","Verrucomicrobiales","Akkermansiaceae","Luteolibacter","Unassign","RS sig"
"MAG_014",6,0.5,0.0214387052703484,4.2580531626127e-17,1.24200626804179,"M5",-0.44624838252542,0,"Peripheral nodes","Firmicutes","Bacilli","Bacillales_B","DSM-1321","Peribacillus","Peribacillus frigoritolerans","RP sig"
"MAG_016",1,0,0.179577464788732,0,0.447061782338572,"M11",-0.866025403784439,0,"Peripheral nodes","Myxococcota","Polyangia","Polyangiales","Polyangiaceae","Unassign","Unassign","RP sig"
"MAG_019",1,0,0.0948396094839609,0,0.650405339557178,"M8",-1.11803398874989,0,"Peripheral nodes","Myxococcota","Polyangia","Polyangiales","Polyangiaceae","Unassign","Unassign","RP sig"
"MAG_031",1,0,1.07651715039578,1.86289825864306e-17,0.556448509506958,"M27",NA,NA,NA,"Fibrobacterota","Fibrobacteria","UBA11236","UBA11236","Chersky-265","Unassign","RP sig"
"MAG_032",2,0,0.104427949833632,0,0.286176474180217,"M8",0,0,"Peripheral nodes","Proteobacteria","Gammaproteobacteria","Burkholderiales","Burkholderiaceae","Pelomonas","Unassign","RP sig"
"MAG_033",59,200.333333333333,0.00152909783227895,0.854563651918503,0.17154308989989,"M1",1.32479421186111,0.583165756966389,"Peripheral nodes","Proteobacteria","Gammaproteobacteria","Burkholderiales","SG8-39","SCGC-AG-212-J23","Unassign","RS sig"
"MAG_035",2,0,0.502463054187192,0,0.0640302279668603,"M21",NA,NA,NA,"Thermoproteota","Nitrososphaeria","Nitrososphaerales","Nitrososphaeraceae","Nitrososphaera","Unassign","RS sig"
"MAG_050",1,0,1.04615384615385,1.59676993597976e-17,0.108165266462463,"M34",NA,NA,NA,"Proteobacteria","Alphaproteobacteria","Rhizobiales","Rhizobiaceae","Mesorhizobium","Unassign","RP sig"
"MAG_051",1,0,0.0974677496416627,0,0.232718005996066,"M8",-1.11803398874989,0,"Peripheral nodes","Bacteroidota","Bacteroidia","Cytophagales","Spirosomaceae","Dyadobacter","Unassign","RP sig"
"MAG_052",1,0,1.04347826086956,1.33064161331647e-17,0.214180328742501,"M35",NA,NA,NA,"Bacteroidota","Bacteroidia","Cytophagales","Cyclobacteriaceae","Ohtaekwangia","Unassign","RP"
"MAG_053",5,0,0.00107149047476482,0.0617067404965879,0.232486223896058,"M2",-1.23704139745043,0,"Peripheral nodes","Desulfobacterota_B","Binatia","UBA9968","UBA9968","WHTF01","Unassign","RS sig"
"MAG_054",3,6,0.151447661469933,0,0.160443312387751,"M8",1.11803398874989,0,"Peripheral nodes","Proteobacteria","Gammaproteobacteria","Burkholderiales","Burkholderiaceae","Pelomonas","Unassign","RP sig"
"MAG_056",1,0,1.05154639175258,1.59676993597976e-17,0.564970339924892,"M33",NA,NA,NA,"Proteobacteria","Gammaproteobacteria","Burkholderiales","Burkholderiaceae","Variovorax","Unassign","RP sig"
"MAG_057",3,7,0.151447661469933,0,0.581436158001917,"M8",1.11803398874989,0,"Peripheral nodes","Myxococcota","Polyangia","Polyangiales","Polyangiaceae","Unassign","Unassign","RP sig"
"MAG_058",3,0,0.352941176470588,0,0.140479691557668,"M14",NA,NA,NA,"Proteobacteria","Alphaproteobacteria","Sphingomonadales","Sphingomonadaceae","Unassign","Unassign","RP sig"
"MAG_059",2,0,0.105399121673986,0,0.351097290682402,"M8",0,0,"Peripheral nodes","Proteobacteria","Gammaproteobacteria","Burkholderiales","Burkholderiaceae","Pelomonas","Unassign","RP sig"
"MAG_060",1,0,1.01492537313433,2.12902658130635e-17,0.710049560700362,"M38",NA,NA,NA,"Proteobacteria","Alphaproteobacteria","Rhizobiales","Beijerinckiaceae","Bosea","Unassign","RP sig"
"MAG_062",3,0,0.351421188630491,0,0.274852679244542,"M14",NA,NA,NA,"Proteobacteria","Alphaproteobacteria","Sphingomonadales","Sphingomonadaceae","Unassign","Unassign","RP sig"
"MAG_064",44,568.25,0.00138105650822879,0.53414387663503,0.295613039580535,"M3",0.17791814598595,0.629132231404959,"Connectors","Chloroflexota","Anaerolineae","Anaerolineales","EnvOPS12","UBA12294","Unassign","RS sig"
"MAG_042",69,587.616666666667,0.00153193406675928,0.970067741024664,0.139598916604697,"M3",0.776681137284821,0.646502835538752,"Connectors","Chloroflexota","Anaerolineae","Anaerolineales","EnvOPS12","UBA12294","Unassign","RS sig"
"MAG_043",6,0.5,0.0214387052703484,2.12902658130635e-17,0.659634560516312,"M5",-0.44624838252542,0,"Peripheral nodes","Firmicutes","Bacilli","Bacillales_B","DSM-1321","Peribacillus","Peribacillus frigoritolerans","RP sig"
"MAG_045",4,0,0.26037013401404,3.19353987195953e-17,0.184256459194435,"M9",NA,NA,NA,"Verrucomicrobiota","Verrucomicrobiae","Verrucomicrobiales","Akkermansiaceae","Luteolibacter","Unassign","RS sig"
"MAG_065",2,0,0.179498460184778,3.19353987195953e-17,0.740201634954317,"M10",-1.43427433120127,0,"Peripheral nodes","Proteobacteria","Alphaproteobacteria","Rhizobiales","Rhizobiaceae","Ensifer","Ensifer adhaerens","RP sig"
"MAG_066",1,0,1.01745635910224,1.06451329065318e-17,0.149677214705036,"M37",NA,NA,NA,"Proteobacteria","Alphaproteobacteria","Sphingomonadales","Sphingomonadaceae","Sphingobium_A","Unassign","RP sig"
"MAG_067",1,0,0.0131299478663835,0,0.117720885345137,"M5",-1.76470951271416,0,"Peripheral nodes","Firmicutes","Bacilli","Bacillales","Bacillaceae_H","Bacillus_I","Bacillus_I endophytica","RP sig"
"MAG_070",2,0,0.549125168236878,0,0.171490971294005,"M16",NA,NA,NA,"Proteobacteria","Gammaproteobacteria","Enterobacterales","Enterobacteriaceae","Enterobacter","Enterobacter mori","RP sig"
"MAG_074",10,24,0.0235023041474654,0,0.0239431385302174,"M5",0.608520521625572,0,"Peripheral nodes","Firmicutes","Bacilli","Bacillales","Bacillaceae","Bacillus","Bacillus licheniformis","RP sig"
"MAG_076",1,0,1.07368421052632,1.86289825864306e-17,0.144899674957817,"M28",NA,NA,NA,"Proteobacteria","Gammaproteobacteria","Xanthomonadales","Xanthomonadaceae","Stenotrophomonas","Stenotrophomonas geniculata","RP sig"
"MAG_078",1,0,1.09973045822102,1.86289825864306e-17,1.81274827247276,"M41",NA,NA,NA,"Proteobacteria","Gammaproteobacteria","Steroidobacterales","Steroidobacteraceae","Steroidobacter_A","Unassign","RP sig"
"MAG_079",1,0,0.0891803278688525,0,0.00770990360614177,"M7",-0.654653670707977,0,"Peripheral nodes","Proteobacteria","Gammaproteobacteria","Enterobacterales","Enterobacteriaceae","Enterobacter","Enterobacter asburiae_B","RP sig"
"MAG_081",8,0,0.0220946604570562,1.06451329065318e-16,0.16902890561157,"M5",0.0811360695500763,0,"Peripheral nodes","Firmicutes","Bacilli","Bacillales","Bacillaceae","Bacillus_P","Unassign","RP"
"MAG_084",1,0,1.09677419354839,2.12902658130635e-17,0.584867996949091,"M23",NA,NA,NA,"Proteobacteria","Alphaproteobacteria","Rhizobiales","Rhizobiaceae","Neorhizobium","Neorhizobium huautlense","RP sig"
"MAG_085",1,0,1.04615384615385,1.33064161331647e-17,0.348568371264669,"M34",NA,NA,NA,"Proteobacteria","Alphaproteobacteria","Rhizobiales","Rhizobiaceae","Mesorhizobium","Unassign","RP sig"
"MAG_090",1,0,0.35509138381201,5.32256645326588e-18,0.698863852952926,"M17",-0.577350269189626,0,"Peripheral nodes","Bacteroidota","Bacteroidia","Chitinophagales","Chitinophagaceae","Chitinophaga","Unassign","RP sig"
"MAG_091",3,0,0.342281879194631,1.59676993597976e-17,0.218093453889691,"M14",NA,NA,NA,"Proteobacteria","Alphaproteobacteria","Sphingomonadales","Sphingomonadaceae","Sphingomonas_H","Unassign","RP sig"
"MAG_092",1,0,1.09677419354839,2.12902658130635e-17,0.0822566445380618,"M22",NA,NA,NA,"Patescibacteria","Saccharimonadia","Saccharimonadales","EFPC-124","EFPC-124","Unassign","RP sig"
"MAG_093",4,0,0.272363150867824,4.2580531626127e-17,0.117591367221604,"M9",NA,NA,NA,"Proteobacteria","Gammaproteobacteria","Pseudomonadales","Moraxellaceae","Acinetobacter","Acinetobacter calcoaceticus","RP sig"
"MAG_095",2,0,0.551351351351351,0,0.0625615304315168,"M16",NA,NA,NA,"Proteobacteria","Gammaproteobacteria","Enterobacterales","Enterobacteriaceae","Enterobacter","Enterobacter mori","RP"
"MAG_097",1,0,1.01492537313433,1.59676993597976e-17,0.7912697906678,"M38",NA,NA,NA,"Proteobacteria","Alphaproteobacteria","Rhizobiales","Beijerinckiaceae","Bosea","Unassign","RP sig"
"MAG_098",1,0,0.35978835978836,5.32256645326588e-18,0.282128093762434,"M17",-0.577350269189626,0,"Peripheral nodes","Bacteroidota","Bacteroidia","Chitinophagales","Chitinophagaceae","Chitinophaga","Unassign","RP sig"
"MAG_099",1,0,0.0907675194660734,0,0.24761509117892,"M7",-0.654653670707977,0,"Peripheral nodes","Proteobacteria","Gammaproteobacteria","Pseudomonadales","Pseudomonadaceae","Pseudomonas_E","Pseudomonas_E asiatica","RP sig"
"MAG_100",1,0,1.05154639175258,1.86289825864306e-17,0.61158278512646,"M33",NA,NA,NA,"Proteobacteria","Gammaproteobacteria","Burkholderiales","Burkholderiaceae","Variovorax","Unassign","RP sig"
"MAG_101",1,0,1.09973045822102,1.86289825864306e-17,1.70628351805741,"M41",NA,NA,NA,"Proteobacteria","Gammaproteobacteria","Steroidobacterales","Steroidobacteraceae","Steroidobacter_A","Unassign","RP sig"
"MAG_102",1,0,0.0154779969650986,1.33064161331647e-17,3.92711294848508,"M5",-1.76470951271416,0,"Peripheral nodes","Firmicutes","Bacilli","Bacillales","Bacillaceae_H","Priestia","Priestia megaterium","RP sig"
"MAG_103",2,1,0.536136662286465,0,0.784248369155799,"M17",1.15470053837925,0,"Peripheral nodes","Bacteroidota","Bacteroidia","Chitinophagales","Chitinophagaceae","Chitinophaga","Unassign","RP sig"
"MAG_105",1,0,1.088,1.86289825864306e-17,0.0129565389357301,"M25",NA,NA,NA,"Patescibacteria","Saccharimonadia","Saccharimonadales","UBA4665","Unassign","Unassign","RP sig"
"MAG_108",5,24,0.0166918954301845,0,0.259366771061668,"M5",-0.709940608563168,0,"Peripheral nodes","Firmicutes","Bacilli","Bacillales","Bacillaceae","Metabacillus","Metabacillus sp004801455","RP"
"MAG_110",1,0,1.04347826086956,1.33064161331647e-17,0.271655746897376,"M35",NA,NA,NA,"Bacteroidota","Bacteroidia","Cytophagales","Cyclobacteriaceae","Ohtaekwangia","Unassign","RP"
"MAG_111",11,0,0.0244062929951546,0,0.2736002288445,"M5",0.872212747663321,0,"Peripheral nodes","Firmicutes","Bacilli","Bacillales_D","Amphibacillaceae","Terribacillus","Terribacillus saccharophilus","RP sig"
"MAG_116",2,578,0.000441072498048687,1.47845939659992e-11,0.110018329227231,"M4",-0.729232376876382,0,"Peripheral nodes","Bacteroidota","Bacteroidia","Chitinophagales","Chitinophagaceae","Pseudobacter","Unassign","RP"
"MAG_119",3,5,0.11943793911007,0,0.0288818863068541,"M7",0.654653670707977,0,"Peripheral nodes","Proteobacteria","Gammaproteobacteria","Enterobacterales","Enterobacteriaceae","Kosakonia","Kosakonia cowanii","RP"
"MAG_122",1,0,1.07368421052632,2.12902658130635e-17,0.12557774691599,"M28",NA,NA,NA,"Proteobacteria","Gammaproteobacteria","Xanthomonadales","Xanthomonadaceae","Stenotrophomonas","Stenotrophomonas geniculata","RP sig"
"MAG_124",2,0,0.265625,0,0.299003371174766,"M12",-0.866025403784439,0,"Peripheral nodes","Bacteroidota","Bacteroidia","Chitinophagales","Chitinophagaceae","Unassign","Unassign","RP sig"
"MAG_130",1,0,1.07086614173228,1.59676993597976e-17,0.367101228418234,"M29",NA,NA,NA,"Proteobacteria","Alphaproteobacteria","Rhizobiales","Rhizobiaceae","Agrobacterium","Agrobacterium tumefaciens","RP sig"
"MAG_133",5,12,0.153962264150943,0,0.0728167465671559,"M7",1.96396101212393,0,"Peripheral nodes","Proteobacteria","Gammaproteobacteria","Enterobacterales","Enterobacteriaceae","Enterobacter","Enterobacter asburiae_B","RP"
"MAG_136",12,3,0.0249069043403944,0,0.178759144276603,"M5",1.13590497370107,0,"Peripheral nodes","Firmicutes","Bacilli","Bacillales_D","Amphibacillaceae","Terribacillus","Terribacillus saccharophilus","RP sig"
"MAG_137",4,1,0.26037013401404,3.19353987195953e-17,0.693856020864523,"M10",0.956182887467515,0,"Peripheral nodes","Proteobacteria","Alphaproteobacteria","Rhizobiales","Rhizobiaceae","Sinorhizobium","Sinorhizobium meliloti_A","RP sig"
"MAG_139",1,0,0.0758928571428571,0,0.0537599130723971,"M7",-0.654653670707977,0,"Peripheral nodes","Proteobacteria","Gammaproteobacteria","Enterobacterales","Enterobacteriaceae","Kosakonia","Kosakonia cowanii","RP sig"
"MAG_141",1,0,0.0122261844116149,1.59676993597976e-17,0.010037136870926,"M5",-1.76470951271416,0,"Peripheral nodes","Patescibacteria","Saccharimonadia","UBA4664","UBA4664","Unassign","Unassign","RP"
"MAG_142",7,3,0.02163997029808,4.2580531626127e-17,0.179409399576625,"M5",-0.182556156487672,0,"Peripheral nodes","Firmicutes","Bacilli","Bacillales","Bacillaceae","Bacillus_P","Unassign","RP"
"MAG_143",2,2,0.269484808454425,0,0.561192355960059,"M11",0.866025403784439,0,"Peripheral nodes","Myxococcota","Polyangia","Polyangiales","Polyangiaceae","PMG-095","Unassign","RP sig"
"MAG_146",5,0,0.0164602412554968,2.12902658130635e-17,0.528830609888382,"M5",-0.709940608563168,0,"Peripheral nodes","Firmicutes","Bacilli","Bacillales_B","DSM-1321","Peribacillus","Peribacillus frigoritolerans","RP sig"
"MAG_147",8,26,0.0184231915470062,0,0.349637244552941,"M5",0.0811360695500763,0,"Peripheral nodes","Firmicutes","Bacilli","Bacillales","Bacillaceae","Bacillus","Bacillus halotolerans","RP sig"
"MAG_148",6,15,0.0218018595703751,3.19353987195953e-17,0.145873501410791,"M5",-0.44624838252542,0,"Peripheral nodes","Firmicutes","Bacilli","Bacillales_G","Fictibacillaceae","Fictibacillus","Fictibacillus barbaricus","RP sig"
"MAG_149",2,0,0.270377733598409,0,0.197698607559593,"M12",-0.866025403784439,0,"Peripheral nodes","Bacteroidota","Bacteroidia","Chitinophagales","Chitinophagaceae","JACDAZ01","Unassign","RP sig"
"MAG_156",2,2,0.269484808454425,0,0.529508227506052,"M11",0.866025403784439,0,"Peripheral nodes","Myxococcota","Polyangia","Polyangiales","Polyangiaceae","PMG-095","Unassign","RP sig"
"MAG_159",9,59,0.0230287294688717,2.12902658130635e-17,0.47630522105132,"M5",0.344828295587824,0,"Peripheral nodes","Firmicutes","Bacilli","Bacillales_B","DSM-18226","Cytobacillus","Unassign","RP"
"MAG_163",1,0,1.01745635910224,2.12902658130635e-17,0.180113629723707,"M37",NA,NA,NA,"Proteobacteria","Alphaproteobacteria","Sphingomonadales","Sphingomonadaceae","Sphingobium_A","Unassign","RP sig"
"MAG_166",1,0,1.06806282722513,1.59676993597976e-17,0.249381998802509,"M30",NA,NA,NA,"Proteobacteria","Gammaproteobacteria","Xanthomonadales","Xanthomonadaceae","Unassign","Unassign","RP sig"
"MAG_170",2,0,0.550607287449393,0,0.0476729196368982,"M16",NA,NA,NA,"Proteobacteria","Gammaproteobacteria","Enterobacterales","Enterobacteriaceae","Enterobacter","Enterobacter mori","RP"
"MAG_171",32,26.2333333333333,0.00125779571301294,0.450464965012414,0.111091298386091,"M2",0.019328771835163,0.46875,"Peripheral nodes","Desulfobacterota_B","Binatia","UBA9968","UBA9968","WHTF01","Unassign","RS sig"
"MAG_173",1,0,1.09677419354839,1.59676993597976e-17,0.0951181760208475,"M22",NA,NA,NA,"Patescibacteria","Saccharimonadia","Saccharimonadales","EFPC-124","EFPC-124","Unassign","RP sig"
"MAG_174",1,0,1.00740740740741,1.86289825864306e-17,0.0512642120840778,"M39",NA,NA,NA,"Proteobacteria","Gammaproteobacteria","Pseudomonadales","Moraxellaceae","Acinetobacter","Acinetobacter pittii","RP sig"
"MAG_177",1,0,1.09677419354839,2.39515490396964e-17,0.577313738213543,"M23",NA,NA,NA,"Proteobacteria","Alphaproteobacteria","Rhizobiales","Rhizobiaceae","Neorhizobium","Neorhizobium huautlense","RP sig"
"MAG_178",1,0,1.0625,2.12902658130635e-17,0.326386616275688,"M31",NA,NA,NA,"Proteobacteria","Alphaproteobacteria","Rhizobiales","Rhizobiaceae","Agrobacterium","Agrobacterium tumefaciens","RP sig"
"MAG_179",46,610.45,0.00149821536111397,0.634956390949096,0.14167495478712,"M1",1.04270521242758,0.544423440453686,"Peripheral nodes","Proteobacteria","Gammaproteobacteria","Burkholderiales","SG8-39","SCGC-AG-212-J23","Unassign","RS sig"
"MAG_180",4,1,0.260204081632653,4.2580531626127e-17,1.23306361452972,"M10",0.956182887467515,0,"Peripheral nodes","Proteobacteria","Alphaproteobacteria","Rhizobiales","Rhizobiaceae","Sinorhizobium","Sinorhizobium meliloti_A","RP sig"
"MAG_183",7,3,0.0219614597911508,2.12902658130635e-17,0.0929930636560701,"M5",-0.182556156487672,0,"Peripheral nodes","Firmicutes","Bacilli","Bacillales_G","Fictibacillaceae","Fictibacillus","Fictibacillus barbaricus","RP sig"
"MAG_185",1,0,1.06806282722513,1.33064161331647e-17,0.295846675292307,"M30",NA,NA,NA,"Proteobacteria","Gammaproteobacteria","Xanthomonadales","Xanthomonadaceae","Unassign","Unassign","RP sig"
"MAG_186",3,0,0.208802456499488,2.12902658130635e-17,0.906951063912869,"M10",-0.239045721866879,0,"Peripheral nodes","Proteobacteria","Alphaproteobacteria","Rhizobiales","Rhizobiaceae","Sinorhizobium","Sinorhizobium meliloti_A","RP sig"
"MAG_187",1,0,1.0625,2.12902658130635e-17,0.388753247289551,"M31",NA,NA,NA,"Proteobacteria","Alphaproteobacteria","Rhizobiales","Rhizobiaceae","Agrobacterium","Agrobacterium tumefaciens","RP sig"
"MAG_189",1,0,1.088,1.59676993597976e-17,0.0133254069475072,"M25",NA,NA,NA,"Patescibacteria","Saccharimonadia","Saccharimonadales","UBA4665","PMNU01","Unassign","RP"
"MAG_191",1,0,1.0251256281407,1.86289825864306e-17,0.573957427836959,"M36",NA,NA,NA,"Proteobacteria","Gammaproteobacteria","Burkholderiales","Burkholderiaceae","Variovorax","Unassign","RP sig"
"MAG_192",26,20,0.00119088969384211,0.277037220688024,0.115751376845071,"M2",0.354360816977989,0.142011834319527,"Peripheral nodes","Acidobacteriota","Blastocatellia","Pyrinomonadales","Pyrinomonadaceae","Unassign","Unassign","RS sig"
"MAG_193",8,2,0.000763704566129701,0.000236633861330759,0.0314006014304683,"M3",-0.540597443572695,0,"Peripheral nodes","Actinobacteriota","Rubrobacteria","Rubrobacterales","Rubrobacteraceae","SCSIO-52915","Unassign","RS sig"
"MAG_194",3,0,0.356643356643357,0,0.367029606824114,"M13",NA,NA,NA,"Proteobacteria","Gammaproteobacteria","Burkholderiales","Burkholderiaceae","Pseudorivibacter","Pseudorivibacter rhizosphaerae","RP sig"
"MAG_195",11,225.666666666667,0.00112286572947743,0.00737686045654879,0.245555168525909,"M1",-0.555799117695771,0,"Peripheral nodes","Bacteroidota","Bacteroidia","Chitinophagales","Chitinophagaceae","VBAS01","Unassign","RS sig"
"MAG_196",4,0,0.258883248730964,1.06451329065318e-17,0.123133713874731,"M9",NA,NA,NA,"Verrucomicrobiota","Verrucomicrobiae","Verrucomicrobiales","Akkermansiaceae","Luteolibacter","Unassign","RS sig"
"MAG_197",44,515.666666666667,0.00144423756291991,0.585328389122331,0.182806752770857,"M1",0.948675545949733,0.527892561983471,"Peripheral nodes","Proteobacteria","Gammaproteobacteria","Burkholderiales","SG8-39","SCGC-AG-212-J23","Unassign","RS sig"
"MAG_199",2,0,0.000749490236420081,0.000128068647988349,0.047092588642761,"M3",-1.25911303313134,0,"Peripheral nodes","Actinobacteriota","UBA4738","CADDZG01","WHSQ01","Unassign","Unassign","RS sig"
"MAG_200",16,730.166666666667,0.00116458630069732,0.0606596129668333,0.532967105882639,"M3",0.417423342505499,0,"Peripheral nodes","Chloroflexota","UBA6077","UBA6077","CF-72","Unassign","Unassign","RS sig"
"MAG_201",64,521.166666666667,0.00146314173826976,0.901256556032318,0.202896896459768,"M2",1.44321496369217,0.55615234375,"Peripheral nodes","Methylomirabilota","Methylomirabilia","Rokubacteriales","CSP1-6","AR12","Unassign","RS sig"
"MAG_205",67,424.833333333333,0.00155650929899857,0.961740149865606,0.293507833309876,"M1",1.23076454538326,0.628202272220985,"Connectors","Chloroflexota","Anaerolineae","Anaerolineales","EnvOPS12","UBA12294","Unassign","RS sig"
"MAG_207",8,0,0.000764637752864579,0.000236879494911676,0.0354226567129566,"M3",-0.540597443572695,0,"Peripheral nodes","Actinobacteriota","Rubrobacteria","Rubrobacterales","Rubrobacteraceae","SCSIO-52915","Unassign","RS sig"
"MAG_208",8,122,0.0011294180175392,0.0631161431530498,0.279962059968243,"M2",-1.15328338616473,0.375,"Peripheral nodes","Nitrospirota","Nitrospiria","Nitrospirales","Nitrospiraceae","Nitrospira_C","Unassign","RS sig"
"MAG_210",18,329.5,0.00107267927941192,0.104017382524212,0.112514252203786,"M2",-0.315703273307663,0.197530864197531,"Peripheral nodes","Bacteroidota","Bacteroidia","Chitinophagales","Chitinophagaceae","Flavisolibacter","Unassign","RS sig"
"MAG_211",22,340,0.00123649477974937,0.229319053907152,0.0555247988783388,"M2",-0.14818725073625,0.309917355371901,"Peripheral nodes","Bacteroidota","Bacteroidia","Chitinophagales","Chitinophagaceae","JJ008","Unassign","RS sig"
"MAG_212",55,200.683333333333,0.00137647642278068,0.768187774613932,0.126601138751319,"M2",1.86200502012071,0.388760330578512,"Peripheral nodes","Chloroflexota","Anaerolineae","Anaerolineales","EnvOPS12","UBA12294","Unassign","RS sig"
"MAG_213",4,225.166666666667,0.00108037400005826,0.00825624714540276,0.0372880368189017,"M1",-1.21400678304068,0,"Peripheral nodes","Bacteroidota","Bacteroidia","Chitinophagales","Chitinophagaceae","Niastella","Unassign","RS"
"MAG_214",1,0,0.00035779053819414,7.1668357293225e-15,0.0629070450609402,"M4",-1.08127559329946,0,"Peripheral nodes","Bacteroidota","Bacteroidia","Chitinophagales","Chitinophagaceae","JJ008","Unassign","RS sig"
"MAG_215",11,1,0.024535450117265,0,0.813143927645007,"M5",0.872212747663321,0,"Peripheral nodes","Firmicutes","Bacilli","Bacillales_B","DSM-18226","Neobacillus","Unassign","RP sig"
"MAG_216",37,260.95,0.00132106384494337,0.476836472566362,0.0394188200836793,"M2",0.019328771835163,0.593133674214755,"Peripheral nodes","Acidobacteriota","Blastocatellia","RBC074","Unassign","Unassign","Unassign","RS sig"
"MAG_217",39,1272.7,0.00143163922691482,0.332029755802122,0.0195125022594801,"M1",1.5128535448168,0.260355029585799,"Peripheral nodes","Gemmatimonadota","Gemmatimonadetes","Gemmatimonadales","GWC2-71-9","Unassign","Unassign","RS sig"
"MAG_219",7,40.5,0.00121352004092656,0.0706764576023881,0.0711717514141594,"M1",-1.02594745008499,0.244897959183674,"Peripheral nodes","Actinobacteriota","Acidimicrobiia","Acidimicrobiales","WLNW01","Unassign","Unassign","RS sig"
"MAG_221",32,571.2,0.00145042944087367,0.363076813379531,0.0545980093900724,"M1",-0.085650785306551,0.607421875,"Peripheral nodes","Chloroflexota","Dehalococcoidia","Tepidiformales","Tepidiformaceae","JACRBT01","Unassign","RS sig"
"MAG_222",11,5,0.0012186998742469,0.119415300082587,0.0389513553424871,"M2",-1.15328338616473,0.59504132231405,"Peripheral nodes","Actinobacteriota","Acidimicrobiia","Acidimicrobiales","WLNW01","Unassign","Unassign","RS sig"
"MAG_226",6,19,0.000960212376384425,0.00294020874244938,0.0366976371129995,"M1",-1.21400678304068,0.444444444444444,"Peripheral nodes","Acidobacteriota","Acidobacteriae","20CM-2-55-15","20CM-2-55-15","DSPE01","Unassign","RS sig"
"MAG_227",5,1,0.00116358326607556,0.0677764168614158,0.0165622753358514,"M1",-1.11997711656283,0,"Peripheral nodes","Planctomycetota","Phycisphaerae","Phycisphaerales","SM1A02","Unassign","Unassign","RS sig"
"MAG_228",1,0,0.00067571484171214,2.14233301032279e-06,0.0451990031309326,"M24",NA,NA,NA,"Planctomycetota","Planctomycetia","Pirellulales","Pirellulaceae","SXOA01","Unassign","RS sig"
"MAG_229",17,11.8333333333333,0.00117690157583659,0.221463427066558,0.0257294210067481,"M2",-0.650735318450489,0.41522491349481,"Peripheral nodes","Desulfobacterota_B","Binatia","UBA9968","UBA9968","DP-20","Unassign","RS sig"
"MAG_230",4,2.16666666666667,0.00099869533183366,0.00822801336002258,0.0255950129538024,"M3",-1.01960783661179,0,"Peripheral nodes","Chloroflexota","Chloroflexia","Thermomicrobiales","Unassign","Unassign","Unassign","RS sig"
"MAG_231",31,101.7,0.00128461858162995,0.471634268099833,0.0120969281533482,"M2",0.270602805692282,0.407908428720083,"Peripheral nodes","Acidobacteriota","Acidobacteriae","Acidobacteriales","Unassign","Unassign","Unassign","RS sig"
"MAG_233",42,234.566666666667,0.00130150183103444,0.611595138925795,0.0445898527191474,"M2",0.856908884692228,0.430839002267574,"Peripheral nodes","Acidobacteriota","Blastocatellia","Pyrinomonadales","Pyrinomonadaceae","OLB17","Unassign","RS sig"
"MAG_236",2,0,0.525096525096525,0,0.0122590868768831,"M20",NA,NA,NA,"Tectomicrobia","Entotheonellia","Entotheonellales","Entotheonellaceae","Unassign","Unassign","RS sig"
"MAG_237",18,762.5,0.0010967624004043,0.12067095574209,0.0435802751838193,"M2",-0.231945262021956,0.104938271604938,"Peripheral nodes","Bacteroidota","Bacteroidia","Chitinophagales","Chitinophagaceae","Flavisolibacter","Unassign","RS sig"
"MAG_238",45,899.333333333333,0.00137860659365909,0.625800141034966,0.106573944685939,"M2",0.773150873406521,0.517530864197531,"Peripheral nodes","Chloroflexota","Dehalococcoidia","DSGV01","DSGV01","Unassign","Unassign","RS sig"
"MAG_240",59,3844.16666666667,0.00150919387592799,0.634237839113012,0.0330266466716995,"M3",2.45321751292166,0.589485779948291,"Peripheral nodes","Chloroflexota","Chloroflexia","Thermomicrobiales","UBA6265","JACCYX01","Unassign","RS sig"
"MAG_241",22,1320.66666666667,0.00120899993777206,0.0821954729755321,0.0496648310957887,"M3",1.13593893206414,0,"Peripheral nodes","Chloroflexota","UBA6077","UBA6077","CF-72","Unassign","Unassign","RS sig"
"MAG_242",9,73.5833333333333,0.00118380279238188,0.0743599164225014,0.0584183141019656,"M2",-1.32079940873614,0.641975308641975,"Connectors","Actinobacteriota","Acidimicrobiia","Acidimicrobiales","Ilumatobacteraceae","Unassign","Unassign","RS sig"
"MAG_243",1,0,1.08222811671087,1.33064161331647e-17,0.199150088294936,"M26",NA,NA,NA,"Proteobacteria","Alphaproteobacteria","Sphingomonadales","Sphingomonadaceae","Sphingomicrobium","Unassign","RS sig"
"MAG_245",10,27,0.00106335844040762,0.0740464969129145,0.0471080245074674,"M2",-0.902009352307608,0.18,"Peripheral nodes","Proteobacteria","Alphaproteobacteria","Acetobacterales","Acetobacteraceae","Roseomonas_A","Unassign","RS sig"
"MAG_246",19,8.33333333333333,0.00120476946972426,0.220237999807011,0.0173361059829362,"M2",-0.231945262021956,0.193905817174515,"Peripheral nodes","Verrucomicrobiota","Verrucomicrobiae","Chthoniobacterales","Chthoniobacteraceae","Unassign","Unassign","RS sig"
"MAG_247",7,299,0.000928388903932228,0.00349680000045233,0.0971380492150331,"M3",-0.660350041832469,0,"Peripheral nodes","Actinobacteriota","UBA4738","CADDZG01","WHSQ01","MB1-2","Unassign","RS sig"
"MAG_248",7,238.916666666667,0.000875241603150871,0.000117767586318795,0.0671044881316696,"M4",0.678940488815942,0.244897959183674,"Peripheral nodes","Bacteroidota","Bacteroidia","Chitinophagales","Chitinophagaceae","VBAS01","Unassign","RS sig"
"MAG_249",37,46.1666666666667,0.00126269660000371,0.491298814880277,0.0798186296438621,"M2",0.438118828263695,0.43827611395179,"Peripheral nodes","Proteobacteria","Gammaproteobacteria","Burkholderiales","Casimicrobiaceae","VBCG01","Unassign","RS sig"
"MAG_250",10,73.8333333333333,0.00121516091947176,0.0276166944984591,0.0779782370085061,"M1",-0.837888117129303,0.32,"Peripheral nodes","Acidobacteriota","Vicinamibacteria","Vicinamibacterales","UBA2999","JAENWD01","Unassign","RS sig"
"MAG_251",7,574,0.00074861149081942,4.37607861710249e-05,0.032208896671672,"M6",0.904498469063305,0,"Peripheral nodes","Proteobacteria","Gammaproteobacteria","Burkholderiales","SG8-41","DSOT01","Unassign","RS sig"
"MAG_253",6,33,0.00106240316637807,0.00455911191428069,0.0210791466889445,"M1",-1.02594745008499,0,"Peripheral nodes","Chloroflexota","Limnocylindria","QHBO01","QHBO01","Unassign","Unassign","RS sig"
"MAG_254",35,220.166666666667,0.00126160334943321,0.423510659669781,0.0856284321793517,"M2",1.02442490726364,0.156734693877551,"Peripheral nodes","Bacteroidota","Bacteroidia","Chitinophagales","Chitinophagaceae","Flavitalea","Unassign","RS sig"
"MAG_255",1,0,1.00740740740741,2.39515490396964e-17,0.0183327639182639,"M39",NA,NA,NA,"Proteobacteria","Gammaproteobacteria","Pseudomonadales","Moraxellaceae","Acinetobacter","Acinetobacter pittii","RP sig"
"MAG_256",1,0,0.000930603866111651,0.00506741935336104,0.0194437830359483,"M2",-1.57207344259326,0,"Peripheral nodes","Armatimonadota","Chthonomonadetes","Chthonomonadales","CAJBBX01","Unassign","Unassign","RS sig"
"MAG_257",22,1390,0.00122475812527955,0.0962702525600111,0.0541569118900575,"M3",1.13593893206414,0,"Peripheral nodes","Actinobacteriota","Thermoleophilia","Solirubrobacterales","Solirubrobacteraceae","AC-38","Unassign","RS sig"
"MAG_259",3,0,0.000967445919061768,0.00971404844869178,0.0198537510300798,"M2",-1.40455742002185,0,"Peripheral nodes","Nitrospirota","Nitrospiria","Nitrospirales","Nitrospiraceae","Nitrospira_F","Unassign","RS sig"
"MAG_260",10,26.5,0.00111922795216946,0.0093371160753004,0.0356143848659042,"M1",-0.649828784173615,0,"Peripheral nodes","Actinobacteriota","UBA4738","UBA4738","HRBIN12","DSRY01","Unassign","RS sig"
"MAG_264",2,0,0.000764087870105063,6.36150616225088e-05,0.266730681826622,"M15",0,0,"Peripheral nodes","Acidobacteriota","Blastocatellia","Pyrinomonadales","Pyrinomonadaceae","JAFDVJ01","Unassign","RS"
"MAG_268",6,9,0.00107877146966748,0.0336208210276189,0.0312071033892853,"M3",-0.899855238352017,0.277777777777778,"Peripheral nodes","Chloroflexota","UBA2235","UBA12225","UBA12225","Unassign","Unassign","RS sig"
"MAG_269",1,0,1.10869565217391,2.66128322663294e-17,0.0329383643422847,"M40",NA,NA,NA,"Planctomycetota","Phycisphaerae","Phycisphaerales","SM1A02","Unassign","Unassign","RP"
"MAG_272",3,0,0.342569269521411,0,0.48310157350449,"M13",NA,NA,NA,"Proteobacteria","Gammaproteobacteria","Burkholderiales","Burkholderiaceae","Pseudorivibacter","Pseudorivibacter rhizosphaerae","RP sig"
"MAG_273",11,0,0.0245723921946519,0,0.338836524611401,"M5",0.872212747663321,0,"Peripheral nodes","Firmicutes","Bacilli","Paenibacillales","Paenibacillaceae","Paenibacillus","Paenibacillus sp001860525","RP"
"MAG_274",11,0,0.0244062929951546,4.2580531626127e-17,0.0966090915973682,"M5",0.872212747663321,0,"Peripheral nodes","Firmicutes","Bacilli","Bacillales_D","Amphibacillaceae","Terribacillus","Terribacillus saccharophilus","RP sig"
"MAG_275",17,580.333333333333,0.00116364963878376,0.0630614929322297,0.380709642283398,"M3",0.537175940765273,0,"Peripheral nodes","Chloroflexota","UBA6077","UBA6077","CF-72","Unassign","Unassign","RS sig"
"MAG_277",25,449.333333333333,0.00123400033874519,0.122565130279862,0.0399633793719329,"M3",1.49519672684347,0,"Peripheral nodes","Actinobacteriota","Thermoleophilia","Solirubrobacterales","Solirubrobacteraceae","AC-38","Unassign","RS sig"
"MAG_278",53,570.083333333333,0.00142138982661134,0.739330616090108,0.241179395237527,"M2",1.02442490726364,0.516909932360271,"Peripheral nodes","Acidobacteriota","Vicinamibacteria","Vicinamibacterales","2-12-FULL-66-21","JACDCA01","Unassign","RS sig"
"MAG_279",12,33,0.025001531956615,0,0.206260118042234,"M5",1.13590497370107,0,"Peripheral nodes","Firmicutes","Bacilli","Paenibacillales","Paenibacillaceae","Paenibacillus","Paenibacillus polymyxa_C","RS"
"MAG_280",5,11.5,0.00100270829544505,0.0133421520707027,0.307961029386833,"M2",-1.32079940873614,0.32,"Peripheral nodes","Nitrospirota","Nitrospiria","Nitrospirales","Nitrospiraceae","Nitrospira_C","Unassign","RS sig"
"MAG_281",1,0,1.07086614173228,1.33064161331647e-17,0.1718486287999,"M29",NA,NA,NA,"Proteobacteria","Alphaproteobacteria","Rhizobiales","Rhizobiaceae","Agrobacterium","Agrobacterium tumefaciens","RP sig"
"MAG_282",6,52.5,0.00102541934121834,0.00315501177014203,0.0829018318557306,"M1",-1.02594745008499,0,"Peripheral nodes","Acidobacteriota","Blastocatellia","Pyrinomonadales","Pyrinomonadaceae","OLB17","Unassign","RS sig"
"MAG_283",36,33.9166666666667,0.00129503253451833,0.423080339770488,0.0974076360385716,"M2",0.856908884692228,0.277777777777778,"Peripheral nodes","Acidobacteriota","Blastocatellia","Pyrinomonadales","Pyrinomonadaceae","Unassign","Unassign","RS sig"
"MAG_284",3,0,0.344303797468354,1.06451329065318e-17,0.11248354319202,"M14",NA,NA,NA,"Proteobacteria","Alphaproteobacteria","Sphingomonadales","Sphingomonadaceae","Unassign","Unassign","RP sig"
"MAG_285",2,0,0.502463054187192,0,0.0807422553027167,"M21",NA,NA,NA,"Thermoproteota","Nitrososphaeria","Nitrososphaerales","Nitrososphaeraceae","Nitrososphaera","Unassign","RS sig"
"MAG_286",8,0,0.000761928950125399,0.0002384671781677,0.032153224654023,"M3",-0.540597443572695,0,"Peripheral nodes","Actinobacteriota","Rubrobacteria","Rubrobacterales","Rubrobacteraceae","SCSIO-52915","Unassign","RS sig"
"MAG_287",4,1,0.000905628212982448,0.00330701961306021,0.0420023941543544,"M3",-1.01960783661179,0,"Peripheral nodes","Gemmatimonadota","Gemmatimonadetes","Gemmatimonadales","Gemmatimonadaceae","AG2","Unassign","RS sig"
"MAG_288",20,429.333333333333,0.00119069854314531,0.084965533066057,0.105732493085911,"M3",0.776681137284821,0.095,"Peripheral nodes","Chloroflexota","Chloroflexia","Thermomicrobiales","UBA6265","Unassign","Unassign","RS sig"
"MAG_289",2,1,0.535433070866142,0,0.0489997113957663,"M18",1.15470053837925,0,"Peripheral nodes","Thermoproteota","Nitrososphaeria","Nitrososphaerales","Nitrososphaeraceae","TA-21","TA-21 sp014381105","RS sig"
"MAG_290",26,20,0.00119088969384211,0.277037220688023,0.0861494692323104,"M2",0.354360816977989,0.142011834319527,"Peripheral nodes","Acidobacteriota","Blastocatellia","Pyrinomonadales","Pyrinomonadaceae","Unassign","Unassign","RS sig"
"MAG_291",6,578,0.00105253653565855,0.00438516246255926,0.0969783929562042,"M1",-1.11997711656283,0.277777777777778,"Peripheral nodes","Planctomycetota","Planctomycetia","Gemmatales","Gemmataceae","Unassign","Unassign","RS sig"
"MAG_292",16,156,0.0301819795827785,0,0.156622860958211,"M5",2.19067387785206,0,"Peripheral nodes","Firmicutes","Bacilli","Bacillales_G","Fictibacillaceae","Fictibacillus","Fictibacillus barbaricus","RP sig"
"MAG_293",8,0,0.000764063544618126,0.000238765465502533,0.0465376995486247,"M3",-0.540597443572695,0,"Peripheral nodes","Actinobacteriota","Rubrobacteria","Rubrobacterales","Rubrobacteraceae","SCSIO-52915","Unassign","RS sig"
"MAG_294",10,0,0.0233129535455117,0,0.299782216227734,"M5",0.608520521625572,0,"Peripheral nodes","Firmicutes","Bacilli","Bacillales_D","Amphibacillaceae","Terribacillus","Terribacillus saccharophilus","RP sig"
"MAG_295",1,0,0.000729501543038803,5.04703097000155e-05,0.0489937186016485,"M3",-1.37886563139111,0,"Peripheral nodes","Actinobacteriota","Acidimicrobiia","Acidimicrobiales","Unassign","Unassign","Unassign","RS sig"
"MAG_296",17,102.333333333333,0.00107685526590143,0.10828417517504,0.0507312864722952,"M2",-0.399461284593369,0.207612456747405,"Peripheral nodes","Gemmatimonadota","Gemmatimonadetes","Gemmatimonadales","Gemmatimonadaceae","Unassign","Unassign","RS sig"
"MAG_297",69,185.916666666667,0.00147825015760755,1,0.12761813314547,"M2",1.19194092983505,0.620037807183365,"Connectors","Gemmatimonadota","Gemmatimonadetes","Gemmatimonadales","Gemmatimonadaceae","Unassign","Unassign","RS sig"
"MAG_298",3,0,0.208375893769152,3.19353987195953e-17,0.897358666712546,"M10",-0.239045721866879,0,"Peripheral nodes","Proteobacteria","Alphaproteobacteria","Rhizobiales","Rhizobiaceae","Sinorhizobium","Sinorhizobium meliloti_A","RP sig"
"MAG_299",58,133.166666666667,0.00143642752026137,0.804788319387505,0.034047856924675,"M1",1.41882387833895,0.523186682520809,"Peripheral nodes","Acidobacteriota","Blastocatellia","UBA7656","UBA7656","JADGNW01","Unassign","RS sig"
"MAG_300",36,33.9166666666667,0.00129503253451833,0.423080339770488,0.142873811051866,"M2",0.856908884692228,0.277777777777778,"Peripheral nodes","Acidobacteriota","Blastocatellia","Pyrinomonadales","Pyrinomonadaceae","Unassign","Unassign","RS sig"
"MAG_301",8,3,0.000747926703183089,4.4652267436072e-05,0.0454286613603521,"M6",1.38335059974388,0,"Peripheral nodes","Proteobacteria","Gammaproteobacteria","Burkholderiales","SG8-41","DSOT01","Unassign","RS sig"
"MAG_302",9,25,0.00126200138572701,0.141123756009276,0.145137594251942,"M1",-1.02594745008499,0.444444444444444,"Peripheral nodes","Gemmatimonadota","Gemmatimonadetes","Gemmatimonadales","Gemmatimonadaceae","Unassign","Unassign","RS sig"
"MAG_303",34,92,0.00124923453766075,0.365178137120609,0.12419280433359,"M2",0.689392862120815,0.290657439446367,"Peripheral nodes","Acidobacteriota","Blastocatellia","Pyrinomonadales","Pyrinomonadaceae","Unassign","Unassign","RS sig"
"MAG_304",30,453.166666666667,0.00139037506048813,0.248822018087034,0.112895010186152,"M3",1.49519672684347,0.286666666666667,"Peripheral nodes","Actinobacteriota","Thermoleophilia","Gaiellales","Gaiellaceae","JACDAN01","Unassign","RS sig"
"MAG_305",18,5.33333333333333,0.00118550200779874,0.0568094213475957,0.330316615987585,"M1",0.102408547649137,0,"Peripheral nodes","Acidobacteriota","Vicinamibacteria","Vicinamibacterales","UBA2999","12-FULL-67-14b","Unassign","RS sig"
"MAG_306",3,0,0.340852130325815,5.32256645326588e-18,0.550498897847934,"M13",NA,NA,NA,"Proteobacteria","Gammaproteobacteria","Burkholderiales","Burkholderiaceae","Pseudorivibacter","Pseudorivibacter rhizosphaerae","RP sig"
"MAG_307",7,3,0.00102797192225711,0.00334943047703211,0.113023837503803,"M1",-0.931917783607147,0,"Peripheral nodes","Acidobacteriota","Blastocatellia","Pyrinomonadales","Pyrinomonadaceae","OLB17","Unassign","RS sig"
"MAG_308",32,133.916666666667,0.00124776747486115,0.426451313384934,0.22827555653121,"M2",0.186844794406576,0.4296875,"Peripheral nodes","Desulfobacterota_B","Binatia","UBA9968","UBA9968","WHTF01","Unassign","RS sig"
"MAG_309",12,414.333333333333,0.00114990797917765,0.0108067483297486,0.108689119015422,"M1",-0.555799117695771,0.152777777777778,"Peripheral nodes","Planctomycetota","Planctomycetia","Gemmatales","Gemmataceae","Unassign","Unassign","RS sig"
"MAG_310",32,56,0.00128787065738221,0.395012431937134,0.131091237022058,"M2",0.689392862120815,0.21875,"Peripheral nodes","Acidobacteriota","Blastocatellia","Pyrinomonadales","Pyrinomonadaceae","Unassign","Unassign","RS sig"
"MAG_311",11,607,0.000938217891907182,0.0048156691514136,0.0916751734560258,"M3",-0.181339648793372,0,"Peripheral nodes","Actinobacteriota","Rubrobacteria","Rubrobacterales","Rubrobacteraceae","Unassign","Unassign","RS sig"
"MAG_312",8,647.916666666667,0.00105597987426593,0.0033379769486187,0.139381173775278,"M1",-0.931917783607147,0.21875,"Peripheral nodes","Acidobacteriota","Blastocatellia","Pyrinomonadales","Pyrinomonadaceae","OLB17","Unassign","RS sig"
"MAG_313",2,0,0.501228501228501,0,0.0843371492146024,"M21",NA,NA,NA,"Thermoproteota","Nitrososphaeria","Nitrososphaerales","Nitrososphaeraceae","Nitrososphaera","Unassign","RS sig"
"MAG_314",37,428.666666666667,0.00129880465405001,0.281869672456025,0.0626425032785783,"M3",1.25569153032392,0.470416362308254,"Peripheral nodes","Chloroflexota","Chloroflexia","Thermomicrobiales","UBA6265","Unassign","Unassign","RS sig"
"MAG_315",32,103.5,0.00126454380342543,0.358799874804179,0.108187828409523,"M2",0.438118828263695,0.341796875,"Peripheral nodes","Acidobacteriota","Blastocatellia","Pyrinomonadales","Pyrinomonadaceae","Unassign","Unassign","RS sig"
"MAG_316",8,0,0.000762989046993017,0.000238734590787028,0.0346949596305791,"M3",-0.540597443572695,0,"Peripheral nodes","Actinobacteriota","Rubrobacteria","Rubrobacterales","Rubrobacteraceae","SCSIO-52915","Unassign","RS sig"
"MAG_317",4,0,0.261370916079436,4.2580531626127e-17,0.104707325027053,"M9",NA,NA,NA,"Verrucomicrobiota","Verrucomicrobiae","Verrucomicrobiales","Akkermansiaceae","Luteolibacter","Unassign","RS sig"
"MAG_318",11,27,0.0239296187683284,0,1.51791336334519,"M5",0.872212747663321,0,"Peripheral nodes","Firmicutes","Bacilli","Bacillales","Bacillaceae","Bacillus","Bacillus safensis","RP sig"
"MAG_319",3,0,0.000769329401205284,0.00030774636114209,0.191067178794664,"M3",-1.13936043487157,0,"Peripheral nodes","Actinobacteriota","Acidimicrobiia","IMCC26256","Unassign","Unassign","Unassign","RS sig"
"MAG_320",2,0,0.000624270345781507,1.96675678768221e-06,0.0279810528127062,"M6",-1.48976218433956,0,"Peripheral nodes","Proteobacteria","Gammaproteobacteria","Burkholderiales","SG8-39","JAABQT01","Unassign","RS sig"
"MAG_321",26,223.416666666667,0.00130236596483612,0.202756510434133,0.0234736860125545,"M3",0.896433735544595,0.369822485207101,"Peripheral nodes","Actinobacteriota","UBA4738","UBA4738","HRBIN12","AC-51","Unassign","RS sig"
"MAG_322",3,0,0.0162252445717013,5.32256645326588e-18,0.0355761656541382,"M5",-1.23732506063866,0,"Peripheral nodes","Thermoproteota","Nitrososphaeria","Nitrososphaerales","Nitrososphaeraceae","Nitrosocosmicus","Unassign","RS sig"
"MAG_323",10,7,0.00115398322198904,0.0286665824984431,0.055212489672446,"M1",-0.649828784173615,0,"Peripheral nodes","Proteobacteria","Gammaproteobacteria","Steroidobacterales","Steroidobacteraceae","Unassign","Unassign","RS sig"
"MAG_324",1,0,0.000905005478832189,0.00187252110147749,0.0306123040304418,"M3",-1.37886563139111,0,"Peripheral nodes","Actinobacteriota","Actinomycetia","Propionibacteriales","Propionibacteriaceae","Unassign","Unassign","RS sig"
"MAG_327",30,265.833333333333,0.00133711308109525,0.437338920798159,0.0690621286846767,"M3",-0.181339648793372,0.571111111111111,"Peripheral nodes","Armatimonadota","SYMT01","SYMT01","SYMT01","Unassign","Unassign","RS sig"
"MAG_328",44,250.166666666667,0.00141347163183221,0.653474732824427,0.0533134655253233,"M2",0.270602805692282,0.581611570247934,"Peripheral nodes","Methylomirabilota","Methylomirabilia","Rokubacteriales","JACPHL01","Unassign","Unassign","RS sig"
"MAG_329",6,35.1666666666667,0.0011926197881346,0.0160634493578638,0.0130150979827909,"M1",-1.02594745008499,0,"Peripheral nodes","Verrucomicrobiota","Verrucomicrobiae","Pedosphaerales","UBA8199","PSRM01","Unassign","RS sig"
"MAG_330",70,493.15,0.00155108309699592,0.990778498895342,0.0159860518475967,"M1",1.13673487890542,0.571020408163265,"Peripheral nodes","Desulfobacterota_B","Binatia","UBA1149","UBA1149","Unassign","Unassign","RS sig"
"MAG_332",4,2.83333333333333,0.00106838166363784,0.0110681335844478,0.0447345539191522,"M2",-1.48831543130755,0.5,"Peripheral nodes","Gemmatimonadota","Gemmatimonadetes","Gemmatimonadales","Gemmatimonadaceae","JACDCY01","Unassign","RS sig"
"MAG_334",11,0,0.00120078050732976,0.199988231831597,0.0807228255085984,"M2",-1.06952537487902,0.512396694214876,"Peripheral nodes","Methylomirabilota","Methylomirabilia","Rokubacteriales","CSP1-6","40CM-4-69-5","Unassign","RS sig"
"MAG_335",1,0,0.0904656319290466,0,0.0273897367362157,"M7",-0.654653670707977,0,"Peripheral nodes","Proteobacteria","Gammaproteobacteria","Enterobacterales","Enterobacteriaceae","Enterobacter","Enterobacter asburiae_B","RP sig"
"MAG_336",21,364.166666666667,0.00124665039095323,0.104107717813998,0.053756306072397,"M3",1.01618633380437,0,"Peripheral nodes","Actinobacteriota","Thermoleophilia","Solirubrobacterales","Sep-70","VGBV01","Unassign","RS sig"
"MAG_337",7,1134.66666666667,0.000830559711746922,4.54222863990321e-05,0.00698340417082321,"M4",1.03098370523902,0,"Peripheral nodes","UBA10199","UBA10199","DSSB01","DSSB01","DSSB01","Unassign","RS sig"
"MAG_338",12,23.6666666666667,0.00116861913900266,0.181172748860068,0.00478018420016084,"M2",-0.818251341021902,0.277777777777778,"Peripheral nodes","Chloroflexota","Chloroflexia","Thermomicrobiales","UBA6265","Unassign","Unassign","RS sig"
"MAG_339",25,333,0.00130461475493707,0.0664158955080477,0.0420617784602388,"M1",0.572556880038357,0.1472,"Peripheral nodes","Planctomycetota","B15-G4","B15-G4","B15-G4","Unassign","Unassign","RS sig"
"MAG_340",32,185.166666666667,0.00130721048331544,0.269198988006004,0.016756599871152,"M3",1.73470192336301,0.263671875,"Peripheral nodes","Actinobacteriota","UBA4738","CADDZG01","WHSQ01","JACDAL01","Unassign","RS sig"
"MAG_341",21,2844.66666666667,0.00120106329426934,0.0405252306887661,0.0183054995770865,"M1",0.196438214126981,0.172335600907029,"Peripheral nodes","Acidobacteriota","Mor1","JACPZX01","Unassign","Unassign","Unassign","RS sig"
"MAG_342",42,580.5,0.00145976522109361,0.622985653382444,0.0258125928832215,"M3",-0.181339648793372,0.651927437641723,"Connectors","Chloroflexota","Chloroflexia","54-19","JADMIH01","Unassign","Unassign","RS sig"
"MAG_343",1,0,0.000681068141869164,1.22146933769989e-06,0.0147751798004971,"M4",-1.08127559329946,0,"Peripheral nodes","Chloroflexota","Anaerolineae","Anaerolineales","EnvOPS12","UBA12294","Unassign","RS sig"
"MAG_344",55,340.5,0.00142909182615518,0.825463546012952,0.0734767327789429,"M2",1.02442490726364,0.573884297520661,"Peripheral nodes","Acidobacteriota","Thermoanaerobaculia","Gp7-AA8","Gp7-AA8","QHVT01","Unassign","RS sig"
"MAG_346",51,109.616666666667,0.00138809032113197,0.828016010936229,0.0309926044951605,"M2",0.856908884692228,0.564398308342945,"Peripheral nodes","Acidobacteriota","Blastocatellia","DSOJ01","DSOJ01","Unassign","Unassign","RS sig"
"MAG_347",14,101.333333333333,0.00117237673521814,0.166656231881364,0.0481180653133837,"M2",-0.483219295879076,0,"Peripheral nodes","Gemmatimonadota","Gemmatimonadetes","Gemmatimonadales","GWC2-71-9","Unassign","Unassign","RS sig"
"MAG_348",2,0,0.533333333333333,0,0.0275514317126917,"M20",NA,NA,NA,"Proteobacteria","Gammaproteobacteria","Burkholderiales","JACMKV01","Unassign","Unassign","RS sig"
"MAG_349",3,0,0.345177664974619,1.06451329065318e-17,0.321648069534352,"M13",NA,NA,NA,"Proteobacteria","Gammaproteobacteria","Burkholderiales","Burkholderiaceae","Pseudorivibacter","Pseudorivibacter rhizosphaerae","RP sig"
"MAG_350",1,0,0.356020942408377,7.98384967989882e-18,0.0200159743712617,"M18",-0.577350269189626,0,"Peripheral nodes","Thermoproteota","Nitrososphaeria","Nitrososphaerales","Nitrososphaeraceae","TA-21","Unassign","RS sig"
"MAG_351",7,1982,0.000924784217016031,0.000908779497071838,0.0185526834535654,"M6",0.425646338382732,0.244897959183674,"Peripheral nodes","Myxococcota","WYAZ01","WYAZ01","WYAZ01","Unassign","Unassign","RS sig"
"MAG_352",3,0,0.000767806332143984,2.23971108554039e-05,0.0100529412356324,"M4",-0.377189160453301,0,"Peripheral nodes","Actinobacteriota","Acidimicrobiia","UBA5794","ZC4RG35","JACCTH01","Unassign","RS sig"
"MAG_353",5,35,0.00104642752719942,0.0189727536503696,0.0193918444182995,"M3",-0.899855238352017,0,"Peripheral nodes","Gemmatimonadota","Gemmatimonadetes","Gemmatimonadales","Gemmatimonadaceae","AG2","Unassign","RS sig"
"MAG_354",28,138.666666666667,0.00131113824795938,0.0819642287166484,0.0143927234651902,"M1",0.948675545949733,0.0688775510204082,"Peripheral nodes","Gemmatimonadota","Gemmatimonadetes","Gemmatimonadales","GWC2-71-9","SZUA-320","Unassign","RS sig"
"MAG_355",23,378.616666666667,0.00130216229155031,0.0560948633337758,0.00833383021204512,"M1",0.572556880038357,0,"Peripheral nodes","Gemmatimonadota","Gemmatimonadetes","Longimicrobiales","UBA6960","JAAXGI01","Unassign","RS sig"
"MAG_357",28,92.5,0.00131737841695027,0.402467613257004,0.00943627549443515,"M3",-0.301092247053146,0.602040816326531,"Peripheral nodes","Acidobacteriota","Thermoanaerobaculia","Gp7-AA8","Gp7-AA8","Unassign","Unassign","RS sig"
"MAG_358",3,0,0.000904489861067699,0.00187374230063868,0.0281334745950643,"M3",-1.13936043487157,0,"Peripheral nodes","Actinobacteriota","Acidimicrobiia","Acidimicrobiales","Unassign","Unassign","Unassign","RS sig"
"MAG_359",60,187.766666666667,0.00139648073164638,0.839614872798157,0.0377413782306816,"M2",1.69448899754929,0.497777777777778,"Peripheral nodes","Gemmatimonadota","Gemmatimonadetes","Longimicrobiales","UBA6960","Unassign","Unassign","RS sig"
"MAG_360",5,0,0.00102835279558212,0.00855225712845038,0.0672300503199092,"M1",-1.11997711656283,0,"Peripheral nodes","Verrucomicrobiota","Verrucomicrobiae","Pedosphaerales","SIBH01","Unassign","Unassign","RS sig"
"MAG_361",13,284,0.00123154939780857,0.152420912555593,0.103663165491723,"M1",-0.837888117129303,0.473372781065089,"Peripheral nodes","Methylomirabilota","Methylomirabilia","Rokubacteriales","CSP1-6","Unassign","Unassign","RS sig"
"MAG_362",4,0,0.000815222277946837,4.44440464811002e-05,0.0385175265189431,"M4",-0.02514594403022,0,"Peripheral nodes","Bacteroidota","Bacteroidia","Chitinophagales","Saprospiraceae","JADKGY01","Unassign","RS sig"
"MAG_363",18,17,0.00121605550935737,0.302333876916829,0.0870778204794005,"M2",-0.483219295879076,0.364197530864197,"Peripheral nodes","Acidobacteriota","Blastocatellia","Pyrinomonadales","Pyrinomonadaceae","PSRF01","Unassign","RS sig"
"MAG_364",31,65.3333333333333,0.00126214192909732,0.431322494779925,0.111463430439045,"M1",-0.461769451217927,0.474505723204995,"Peripheral nodes","Proteobacteria","Gammaproteobacteria","Burkholderiales","Casimicrobiaceae","VBCG01","Unassign","RS sig"
"MAG_365",3,1446.83333333333,0.00068637874648399,1.22646515216585e-06,0.0328414132305168,"M4",-0.377189160453301,0,"Peripheral nodes","Acidobacteriota","Acidobacteriae","Bryobacterales","Bryobacteraceae","JAFLBB01","Unassign","RS sig"
"MAG_366",2,267.166666666667,0.000681557358564319,1.0235914736248e-06,0.0121391954945261,"M4",-0.729232376876382,0,"Peripheral nodes","Planctomycetota","Phycisphaerae","Phycisphaerales","SM1A02","Unassign","Unassign","RS sig"
"MAG_367",10,216.5,0.00115927204534799,0.0553694740028321,0.138501629981131,"M3",-0.420844845312921,0.18,"Peripheral nodes","Actinobacteriota","Thermoleophilia","Solirubrobacterales","Solirubrobacteraceae","AC-38","Unassign","RS sig"
"MAG_368",26,474.333333333333,0.00134661020585313,0.225952903584023,0.175782019747091,"M3",0.896433735544595,0.378698224852071,"Peripheral nodes","Actinobacteriota","Thermoleophilia","Gaiellales","Gaiellaceae","Gaiella","Unassign","RS sig"
"MAG_369",69,965.25,0.00146319421034134,0.898303613589375,0.0746739125789831,"M3",1.49519672684347,0.644822516278093,"Connectors","Chloroflexota","Limnocylindria","QHBO01","QHBO01","JACDBZ01","Unassign","RS sig"
"MAG_370",59,130.666666666667,0.0014086743959618,0.903873259523808,0.302052101574869,"M2",1.35945695240647,0.548118356794025,"Peripheral nodes","Acidobacteriota","Blastocatellia","Pyrinomonadales","Pyrinomonadaceae","PSRF01","Unassign","RS sig"
"MAG_371",15,599.5,0.00117515243858532,0.0842560031446157,0.0267059964597221,"M3",0.297670744245724,0,"Peripheral nodes","Gemmatimonadota","Gemmatimonadetes","Gemmatimonadales","Gemmatimonadaceae","AG2","Unassign","RS sig"
"MAG_372",21,40.1666666666667,0.00120871340160984,0.272238500408697,0.201955609436207,"M2",-0.315703273307663,0.36281179138322,"Peripheral nodes","Planctomycetota","Phycisphaerae","Tepidisphaerales","Tepidisphaeraceae","Humisphaera","Unassign","RS sig"
"MAG_373",32,234.833333333333,0.00121344424848245,0.347534904137369,0.0905027276559863,"M2",0.605634850835108,0.263671875,"Peripheral nodes","Acidobacteriota","Blastocatellia","Pyrinomonadales","Pyrinomonadaceae","Unassign","Unassign","RS sig"
"MAG_374",61,357.483333333333,0.00144127340744587,0.888811709934987,0.191737054582922,"M2",1.61073098626359,0.512765385649019,"Peripheral nodes","Acidobacteriota","Vicinamibacteria","Vicinamibacterales","UBA2999","12-FULL-67-14b","Unassign","RS sig"
"MAG_376",9,6,0.000768134468716406,0.000286564007715049,0.0556953392489328,"M3",-0.420844845312921,0,"Peripheral nodes","Actinobacteriota","Rubrobacteria","Rubrobacterales","Rubrobacteraceae","SCSIO-52915","Unassign","RS sig"
"MAG_377",7,364,0.000932147434652582,0.00219321378429687,0.0595979102843582,"M3",-0.660350041832469,0,"Peripheral nodes","Actinobacteriota","UBA4738","CADDZG01","WHSQ01","Unassign","Unassign","RS sig"
"MAG_378",3,0,0.000815396606511181,0.000231813532806515,0.0995586992268793,"M1",-1.30803644951852,0,"Peripheral nodes","Acidobacteriota","Blastocatellia","Pyrinomonadales","Pyrinomonadaceae","OLB17","Unassign","RS sig"
"MAG_379",40,1233.1,0.00143194572644923,0.39493226063062,0.165792078223225,"M3",1.97420711988256,0.43375,"Peripheral nodes","Chloroflexota","Chloroflexia","Thermomicrobiales","UBA6265","JACCXM01","Unassign","RS sig"
"MAG_381",25,109,0.00125665286812537,0.166998505505188,0.00934491151207914,"M3",1.49519672684347,0,"Peripheral nodes","Actinobacteriota","UBA4738","CADDZG01","WHSQ01","JACDAL01","Unassign","RS sig"
"MAG_382",11,33.5,0.00113669922604156,0.0122198074830434,0.0200970682594997,"M1",-0.555799117695771,0,"Peripheral nodes","Actinobacteriota","UBA4738","UBA4738","HRBIN12","DSRY01","Unassign","RS sig"
"MAG_383",24,782.666666666667,0.00129712819632417,0.071759177512024,0.0490140225957668,"M1",0.666586546516201,0,"Peripheral nodes","Myxococcota_A","UBA9160","UBA9160","SMWR01","Unassign","Unassign","RS sig"
"MAG_384",39,287.5,0.00130961895866034,0.520240207292788,0.0327002147834532,"M2",0.856908884692228,0.373438527284681,"Peripheral nodes","Gemmatimonadota","Gemmatimonadetes","Gemmatimonadales","GWC2-71-9","Unassign","Unassign","RS sig"
"MAG_385",26,98.6666666666667,0.00128680239067699,0.341189743265348,0.156603759564093,"M1",0.102408547649137,0.461538461538462,"Peripheral nodes","Proteobacteria","Gammaproteobacteria","Burkholderiales","SG8-39","JAABQT01","Unassign","RS sig"
"MAG_386",37,652.733333333333,0.00140483290063562,0.338673228397144,0.0305927151539705,"M1",1.88897221072817,0,"Peripheral nodes","Myxococcota_A","UBA796","UBA796","UBA2385","Unassign","Unassign","RS sig"
"MAG_387",20,2572.23333333333,0.00136137953125834,0.095110501597748,0.0632394909609513,"M1",-0.085650785306551,0.335,"Peripheral nodes","Actinobacteriota","UBA4738","UBA4738","HRBIN12","DSRY01","Unassign","RS sig"
"MAG_388",68,467.833333333333,0.00147996067947606,0.97387126606251,0.0780544029379204,"M3",0.297670744245724,0.634515570934256,"Connectors","Acidobacteriota","Blastocatellia","Pyrinomonadales","Pyrinomonadaceae","PSRF01","Unassign","RS sig"
"MAG_390",26,871.816666666667,0.00129164199989236,0.0733846718977929,0.0462039939486135,"M1",0.854645879471889,0,"Peripheral nodes","Planctomycetota","UBA1135","UBA2386","UBA2386","Unassign","Unassign","RS sig"
"MAG_391",4,290,0.000687359327196516,2.34182054523164e-06,0.0073404726355411,"M4",-0.02514594403022,0,"Peripheral nodes","Verrucomicrobiota","Verrucomicrobiae","Pedosphaerales","UBA8199","PSRM01","Unassign","RS sig"
"MAG_393",25,100,0.00124678753579166,0.156548446267929,0.021757158883085,"M3",1.49519672684347,0,"Peripheral nodes","Actinobacteriota","Thermoleophilia","Solirubrobacterales","Solirubrobacteraceae","AC-38","Unassign","RS sig"
"MAG_394",1,0,0.000697382252647231,0.000116192039742249,0.0770794854202406,"M2",-1.57207344259326,0,"Peripheral nodes","Planctomycetota","Phycisphaerae","Phycisphaerae","SM1A02","CAADGA01","Unassign","RS sig"
"MAG_395",2,0,0.000625382241903368,1.94322308321967e-06,0.00518150015899787,"M6",-1.48976218433956,0,"Peripheral nodes","Planctomycetota","Phycisphaerae","Phycisphaerales","SM1A02","CAADGA01","Unassign","RS sig"
"MAG_396",66,728.4,0.00153632389322549,0.952974166526038,0.0474003685074772,"M1",0.948675545949733,0.597337006427916,"Peripheral nodes","Acidobacteriota","Blastocatellia","UBA7656","UBA7656","JADGNW01","Unassign","RS sig"
"MAG_397",56,655,0.00147050343117467,0.831969883028511,0.0331086120128787,"M1",1.13673487890542,0.579719387755102,"Peripheral nodes","Proteobacteria","Gammaproteobacteria","Burkholderiales","SG8-41","Unassign","Unassign","RS sig"
"MAG_398",30,282,0.00127911314821724,0.21467074064728,0.0120936597709952,"M3",0.896433735544595,0.444444444444444,"Peripheral nodes","Chloroflexota","Chloroflexia","Thermomicrobiales","UBA6265","Unassign","Unassign","RS sig"
"MAG_399",65,1285.5,0.00144831845967072,0.803149049172438,0.0246738530184773,"M3",2.21371231640211,0.605443786982249,"Peripheral nodes","Planctomycetota","Planctomycetia","Gemmatales","Gemmataceae","Unassign","Unassign","RS sig"
"MAG_400",18,16,0.00119857580991998,0.0869672552204956,0.0186188875770971,"M3",0.656928539025047,0,"Peripheral nodes","Actinobacteriota","Thermoleophilia","Solirubrobacterales","Sep-70","VGBV01","Unassign","RS sig"
"MAG_401",6,304,0.000903842660487456,0.00229624343483824,0.010649046094476,"M3",-0.780102640092243,0,"Peripheral nodes","Actinobacteriota","Acidimicrobiia","IMCC26256","JACPCJ01","Unassign","Unassign","RS sig"
"MAG_402",51,1069.28333333333,0.00149909062517223,0.677640450755702,0.00819019380027558,"M1",1.41882387833895,0.521337946943483,"Peripheral nodes","Acidobacteriota","Acidobacteriae","Bryobacterales","Bryobacteraceae","Unassign","Unassign","RS sig"
"MAG_403",10,53,0.00105864861428605,0.0115161750680683,0.017851544406483,"M1",-0.649828784173615,0,"Peripheral nodes","Methylomirabilota","Methylomirabilia","Rokubacteriales","CSP1-6","Unassign","Unassign","RS sig"
"MAG_404",6,0,0.000920895525756862,0.000920103449120868,0.0217541108654378,"M6",-0.0532057922978413,0.277777777777778,"Peripheral nodes","Verrucomicrobiota","Verrucomicrobiae","Pedosphaerales","UBA11320","Unassign","Unassign","RS sig"
"MAG_405",64,746.7,0.00154080877354643,0.960124619490629,0.0195616806653641,"M2",1.02442490726364,0.60107421875,"Peripheral nodes","Acidobacteriota","Vicinamibacteria","Vicinamibacterales","UBA2999","Unassign","Unassign","RS sig"
"MAG_407",2,0,0.528497409326425,0,0.0129468078827886,"M19",NA,NA,NA,"Proteobacteria","Gammaproteobacteria","Burkholderiales","Burkholderiaceae","Unassign","Unassign","RP sig"
"MAG_409",10,208,0.000960734679460765,0.00816035156338641,0.0029816918530415,"M3",-0.301092247053146,0,"Peripheral nodes","Actinobacteriota","UBA4738","CADDZG01","WHSQ01","Unassign","Unassign","RS sig"
"MAG_410",9,2003.33333333333,0.000833113824176225,5.48360441025684e-05,0.00794745534144388,"M4",1.73507013808518,0,"Peripheral nodes","Krumholzibacteriota","Krumholzibacteria","WVZY01","Unassign","Unassign","Unassign","RS sig"
"MAG_412",62,186.533333333333,0.00138170661085656,0.861231185175739,0.0213783785066017,"M2",1.778247008835,0.502081165452653,"Peripheral nodes","Gemmatimonadota","Gemmatimonadetes","Gemmatimonadales","GWC2-71-9","Unassign","Unassign","RS sig"
"MAG_413",6,868.25,0.00087122336416069,0.000153799799786581,0.0302404472480763,"M4",0.326897272392861,0.277777777777778,"Peripheral nodes","Acidobacteriota","Vicinamibacteria","Fen-336","Fen-336","AA29","Unassign","RS sig"
"MAG_414",4,46,0.000865892739659158,0.000131007958989495,0.012563682688658,"M4",-0.377189160453301,0.375,"Peripheral nodes","Bacteroidota","Bacteroidia","Chitinophagales","Chitinophagaceae","VBAS01","Unassign","RS sig"
"MAG_416",1,0,0.000915724196440797,0.00195302600645843,0.00495656307075501,"M1",-1.49609578247421,0,"Peripheral nodes","Verrucomicrobiota","Verrucomicrobiae","Chthoniobacterales","Chthoniobacteraceae","Unassign","Unassign","RS sig"
"MAG_417",26,393.5,0.00124912362343821,0.366179618102519,0.00330152318246403,"M2",0.186844794406576,0.260355029585799,"Peripheral nodes","Nitrospirota","Nitrospiria","Nitrospirales","Nitrospiraceae","Unassign","Unassign","RS sig"
"MAG_418",6,0,0.00114190715287282,0.091489145595748,0.0730808618436354,"M2",-1.23704139745043,0.277777777777778,"Peripheral nodes","Proteobacteria","Gammaproteobacteria","Burkholderiales","Usitatibacteraceae","Usitatibacter","Unassign","RS sig"
"MAG_421",18,79.5,0.00113408308826391,0.193862874630015,0.0350102549423545,"M2",-0.14818725073625,0,"Peripheral nodes","Gemmatimonadota","Gemmatimonadetes","Gemmatimonadales","GWC2-71-9","Unassign","Unassign","RS sig"
"MAG_424",11,622.833333333333,0.00102983232411448,0.0460674594195541,0.0958476967267544,"M2",-1.15328338616473,0.59504132231405,"Peripheral nodes","Proteobacteria","Alphaproteobacteria","Rhizobiales","Beijerinckiaceae","Microvirga","Unassign","RS sig"
"MAG_425",4,290,0.000843614889802806,0.00106909587083464,0.0285968340891975,"M15",1.22474487139159,0.375,"Peripheral nodes","Proteobacteria","Alphaproteobacteria","Rhizobiales","Afifellaceae","Propylenella","Unassign","RS sig"
"MAG_427",8,79.8333333333333,0.00115598092631472,0.012057029372101,0.0086058024826425,"M3",-0.899855238352017,0.46875,"Peripheral nodes","Actinobacteriota","UBA4738","UBA4738","HRBIN12","AC-51","Unassign","RS sig"
"MAG_428",6,2,0.0178274927903522,0,0.0397592951131025,"M5",-0.44624838252542,0,"Peripheral nodes","Actinobacteriota","UBA4738","UBA4738","HRBIN12","AC-51","Unassign","RS sig"
"MAG_429",63,76.25,0.00145774157243153,0.907451033251575,0.157865661917076,"M2",1.35945695240647,0.560342655580751,"Peripheral nodes","Methylomirabilota","Methylomirabilia","Rokubacteriales","CSP1-6","AR12","Unassign","RS sig"
"MAG_431",18,269,0.0012645124498689,0.136013179172607,0.00879517147088417,"M3",0.058165547726176,0.425925925925926,"Peripheral nodes","Chloroflexota","Chloroflexia","Thermomicrobiales","Unassign","Unassign","Unassign","RS sig"
"MAG_434",15,165,0.00122083681182057,0.0958476018232746,0.0210630948301205,"M3",0.297670744245724,0,"Peripheral nodes","Actinobacteriota","Acidimicrobiia","Acidimicrobiales","JACDEA01","JACDEA01","Unassign","RS sig"
"MAG_435",6,0,0.000745359316169364,4.41443556048143e-05,0.000452034952956386,"M6",0.425646338382732,0,"Peripheral nodes","Chloroflexota","Anaerolineae","Anaerolineales","JABWBV01","JABWBV01","Unassign","RS sig"
"MAG_436",39,174.45,0.00146998421928706,0.604973092795945,0.00493854570016617,"M1",0.196438214126981,0.625904010519395,"Connectors","Actinobacteriota","UBA4738","AC-67","AC-67","Unassign","Unassign","RS sig"
"MAG_437",62,1405.86666666667,0.00153278583826104,0.879056337128004,0.00535249757665068,"M1",0.666586546516201,0.610301768990635,"Peripheral nodes","Gemmatimonadota","Gemmatimonadetes","Gemmatimonadales","Gemmatimonadaceae","UBA4720","Unassign","RS sig"
"MAG_438",2,6,0.000582996229100371,4.95755584391997e-08,0.00912721112383652,"M4",-0.729232376876382,0,"Peripheral nodes","Bacteroidota","Bacteroidia","Chitinophagales","Chitinophagaceae","JJ008","Unassign","RS sig"
"MAG_440",7,105.833333333333,0.00112750787597413,0.043582368280522,0.00525383587076501,"M3",-0.899855238352017,0.408163265306122,"Peripheral nodes","Verrucomicrobiota","Verrucomicrobiae","Chthoniobacterales","Chthoniobacteraceae","Unassign","Unassign","RS sig"
"MAG_441",31,967.316666666666,0.00139066414438366,0.263134863076233,0.0155854735887597,"M1",1.23076454538326,0.0624349635796045,"Peripheral nodes","Bacteroidota","Bacteroidia","Chitinophagales","Chitinophagaceae","Unassign","Unassign","RS sig"
"MAG_444",33,84.0833333333333,0.00131183383438098,0.482009855447121,0.0140013120416476,"M2",0.605634850835108,0.306703397612489,"Peripheral nodes","Gemmatimonadota","Gemmatimonadetes","Gemmatimonadales","GWC2-71-9","JACDDX01","Unassign","RS sig"
"MAG_445",10,341,0.00119149482955491,0.02056456834969,0.0104871436121176,"M3",-0.660350041832469,0.42,"Peripheral nodes","Actinobacteriota","UBA4738","AC-67","Unassign","Unassign","Unassign","RS sig"
"MAG_447",30,11.1666666666667,0.00126579922190577,0.399408180274551,0.0023673379941973,"M2",0.270602805692282,0.38,"Peripheral nodes","Acidobacteriota","Blastocatellia","Pyrinomonadales","Pyrinomonadaceae","QHXM01","Unassign","RS sig"
"MAG_448",4,312.166666666667,0.00112886178636844,0.0378456971032491,0.012910219094552,"M2",-1.40455742002185,0.375,"Peripheral nodes","Acidobacteriota","Blastocatellia","UBA7656","UBA7656","JACQDB01","Unassign","RS sig"
"MAG_450",6,607.166666666667,0.00114835121533837,0.0366194939423044,0.0214781225007227,"M1",-1.11997711656283,0.277777777777778,"Peripheral nodes","Proteobacteria","Gammaproteobacteria","Burkholderiales","Burkholderiaceae","Unassign","Unassign","RS sig"
"MAG_453",4,119.833333333333,0.000912792518680926,0.00334754860611359,0.00910165097089448,"M2",-1.32079940873614,0,"Peripheral nodes","Bacteroidota","Bacteroidia","Chitinophagales","Chitinophagaceae","Flavitalea","Unassign","RS sig"
"MAG_455",26,52,0.00124368251955447,0.15956890701902,0.0452994272074065,"M3",1.61494932510324,0,"Peripheral nodes","Actinobacteriota","Thermoleophilia","Solirubrobacterales","Solirubrobacteraceae","AC-38","Unassign","RS sig"
"MAG_456",6,0,0.00119932626083582,0.0814257335946666,0.00331576470599392,"M1",-1.30803644951852,0.611111111111111,"Peripheral nodes","Bacteroidota","Bacteroidia","Chitinophagales","Chitinophagaceae","Unassign","Unassign","RS sig"
"MAG_457",3,3.33333333333333,0.00109413298006425,0.00997361624125055,0.00795927574732663,"M1",-1.30803644951852,0,"Peripheral nodes","Acidobacteriota","Thermoanaerobaculia","UBA5066","Gp7-AA6","Gp7-AA6","Unassign","RS sig"
"MAG_458",2,0,0.534731323722149,0,0.0642372822433379,"M19",NA,NA,NA,"Proteobacteria","Gammaproteobacteria","Steroidobacterales","Steroidobacteraceae","Povalibacter","Unassign","RP sig"
"MAG_459",3,0,0.349315068493151,0,0.0818442903851068,"M12",0.866025403784439,0,"Peripheral nodes","Bacteroidota","Bacteroidia","Chitinophagales","Chitinophagaceae","JACDAZ01","Unassign","RP sig"
"MAG_461",28,235.5,0.00120795831359545,0.256765755062412,0.0458659415603668,"M2",0.186844794406576,0.336734693877551,"Peripheral nodes","Gemmatimonadota","Gemmatimonadetes","Gemmatimonadales","Gemmatimonadaceae","UBA4720","Unassign","RS sig"
"MAG_462",1,0,0.17989417989418,0,0.0754172376790082,"M11",-0.866025403784439,0,"Peripheral nodes","Myxococcota","Polyangia","Polyangiales","Polyangiaceae","PMG-095","Unassign","RP sig"
"MAG_463",63,973.25,0.00141329047275952,0.830855277241937,0.0118988265004004,"M2",1.69448899754929,0.530108339632149,"Peripheral nodes","Gemmatimonadota","Gemmatimonadetes","Gemmatimonadales","Unassign","Unassign","Unassign","RS sig"
"MAG_464",18,723.266666666667,0.00128343457157507,0.0574831274904835,0.0234530131537303,"M1",0.102408547649137,0,"Peripheral nodes","Chloroflexota","Limnocylindria","QHBO01","QHBO01","Unassign","Unassign","RS sig"
"MAG_465",16,2510.5,0.00120389850663472,0.0122642592690558,0.00235419952360862,"M1",-0.367739784740083,0.3046875,"Peripheral nodes","Eisenbacteria","RBG-16-71-46","JABDJR01","Unassign","Unassign","Unassign","RS sig"
"MAG_466",8,25,0.0011961196471447,0.0613241236785591,0.0198563860712563,"M2",-1.15328338616473,0.375,"Peripheral nodes","Gemmatimonadota","Gemmatimonadetes","JACCXV01","Unassign","Unassign","Unassign","RS sig"
"MAG_467",11,142.333333333333,0.0012654772834421,0.108619071401068,0.0699279641729411,"M1",-0.555799117695771,0,"Peripheral nodes","Acidobacteriota","Acidobacteriae","Bryobacterales","Bryobacteraceae","JACMLA01","Unassign","RS sig"
"MAG_468",5,26,0.000926115083418455,0.00761533844690902,0.0560378889665914,"M3",-1.13936043487157,0.48,"Peripheral nodes","Gemmatimonadota","Gemmatimonadetes","Gemmatimonadales","Gemmatimonadaceae","JACDHQ01","Unassign","RS sig"
"MAG_469",2,0,0.000966034876700329,0.00115054117253184,0.0111217670768448,"M3",-1.25911303313134,0,"Peripheral nodes","Actinobacteriota","UBA4738","UBA4738","HRBIN12","AC-51","Unassign","RS sig"
"MAG_470",44,143.5,0.00136968826163731,0.713629143071961,0.0388794518718964,"M2",0.605634850835108,0.546487603305785,"Peripheral nodes","Gemmatimonadota","Gemmatimonadetes","Longimicrobiales","UBA6960","UBA2982","Unassign","RS sig"
"MAG_471",17,61,0.00118987208875046,0.0450276180217196,0.00386349657660058,"M1",0.00837888117129295,0,"Peripheral nodes","Proteobacteria","Gammaproteobacteria","Woeseiales","Woeseiaceae","UBA1844","Unassign","RS sig"
"MAG_472",9,46.1666666666667,0.00118132464712269,0.0372582068445296,0.0298444481421806,"M3",-0.540597443572695,0.197530864197531,"Peripheral nodes","Chloroflexota","Limnocylindria","Limnocylindrales","CSP1-4","SPCO01","Unassign","RS sig"
"MAG_473",58,580.533333333333,0.00145340552864064,0.776312409877672,0.0226625414066449,"M2",0.940666895977934,0.593935790725327,"Peripheral nodes","Gemmatimonadota","Gemmatimonadetes","Gemmatimonadales","Gemmatimonadaceae","UBA4720","Unassign","RS sig"
"MAG_474",2,0,0.519083969465649,0,0.0086342217767611,"M20",NA,NA,NA,"Tectomicrobia","Entotheonellia","Entotheonellales","Entotheonellaceae","Entotheonella","Unassign","RS sig"
"MAG_475",1,0,0.000690433602455776,2.33718708843307e-05,0.0337096590717225,"M15",-1.22474487139159,0,"Peripheral nodes","Proteobacteria","Alphaproteobacteria","Sphingomonadales","Sphingomonadaceae","Sphingobium","Unassign","RS"
"MAG_476",8,0,0.000940764140284537,0.00217924652576892,0.0123700245651221,"M3",-0.540597443572695,0,"Peripheral nodes","Actinobacteriota","Rubrobacteria","Rubrobacterales","Rubrobacteraceae","SCSIO-52915","Unassign","RS sig"
"MAG_478",1,0,0.000823756491120388,0.000125280275950384,0.00849148531793277,"M1",-1.49609578247421,0,"Peripheral nodes","Acidobacteriota","Acidobacteriae","Bryobacterales","Bryobacteraceae","Unassign","Unassign","RS sig"
"MAG_479",3,14,0.000740576705958373,6.57622744960257e-06,0.0239751680125714,"M4",-0.377189160453301,0,"Peripheral nodes","Acidobacteriota","Blastocatellia","RBC074","Unassign","Unassign","Unassign","RS sig"
"MAG_480",27,95.0333333333333,0.00129935891923911,0.0802811560122427,0.0170480021711619,"M1",0.854645879471889,0.0713305898491083,"Peripheral nodes","Gemmatimonadota","Gemmatimonadetes","Gemmatimonadales","GWC2-71-9","SZUA-320","Unassign","RS sig"
"MAG_482",25,634.866666666667,0.0013941282597999,0.14989833958146,0.0113753617533239,"M1",0.572556880038357,0.1472,"Peripheral nodes","Chloroflexota","Anaerolineae","Anaerolineales","EnvOPS12","UBA12294","Unassign","RS sig"
"MAG_483",2,0,0.00102559461864471,0.00516087638283877,0.0310502131833977,"M1",-1.40206611599637,0,"Peripheral nodes","Myxococcota","Polyangia","Haliangiales","Haliangiaceae","JABFXX01","Unassign","RS sig"
"MAG_485",4,485,0.00095328439183727,0.00184212714157388,0.0681501753905284,"M15",0,0.625,"Connectors","Proteobacteria","Gammaproteobacteria","Burkholderiales","Burkholderiaceae","Lautropia","Unassign","RP sig"
"MAG_486",9,445.166666666667,0.00121244899839232,0.0879113763102376,0.0119658554827556,"M1",-0.837888117129303,0.197530864197531,"Peripheral nodes","Planctomycetota","UBA11346","UBA11346","UBA11346","JACDEC01","Unassign","RS sig"
"MAG_487",45,355.166666666667,0.00138532371755694,0.61874156495048,0.0306729068598556,"M3",0.656928539025047,0.630123456790123,"Connectors","Gemmatimonadota","Gemmatimonadetes","Gemmatimonadales","Gemmatimonadaceae","AG2","Unassign","RS sig"
"MAG_488",36,71.8333333333333,0.00136189757729103,0.566296053099854,0.015562286706406,"M1",0.102408547649137,0.618827160493827,"Peripheral nodes","Planctomycetota","Phycisphaerae","Phycisphaerales","SM1A02","Unassign","Unassign","RS sig"
"MAG_489",9,228.5,0.00107746953111589,0.0421857968329629,0.0294230487656959,"M3",-0.899855238352017,0.493827160493827,"Peripheral nodes","Gemmatimonadota","Gemmatimonadetes","Longimicrobiales","RSA9","Unassign","Unassign","RS sig"
"MAG_490",6,0,0.000858472046004003,0.000181760915628599,0.00377977252365659,"M4",0.326897272392861,0.277777777777778,"Peripheral nodes","Actinobacteriota","Acidimicrobiia","UBA5794","ZC4RG35","JACCTH01","Unassign","RS sig"
"MAG_492",1,0,1.0625,1.86289825864306e-17,0.0111903100121412,"M32",NA,NA,NA,"Proteobacteria","Alphaproteobacteria","Caulobacterales","TH1-2","Terricaulis","Unassign","RS sig"
"MAG_493",6,9.06666666666667,0.0011281625881377,0.0589586867906717,0.0127560904945469,"M2",-1.32079940873614,0.444444444444444,"Peripheral nodes","Acidobacteriota","Blastocatellia","Pyrinomonadales","Pyrinomonadaceae","OLB17","Unassign","RS sig"
"MAG_494",30,143.316666666667,0.00127299106098189,0.354794504461377,0.027116377277383,"M2",0.354360816977989,0.34,"Peripheral nodes","Bacteroidota","Bacteroidia","Chitinophagales","Chitinophagaceae","JJ008","Unassign","RS sig"
"MAG_495",5,296,0.00085661197367178,0.00524408842236543,0.00168547501770377,"M2",-1.23704139745043,0,"Peripheral nodes","Bacteroidota","Bacteroidia","Chitinophagales","Chitinophagaceae","Unassign","Unassign","RS sig"
"MAG_496",1,0,1.07651715039578,2.39515490396964e-17,0.0602366867902621,"M27",NA,NA,NA,"Myxococcota","Polyangia","Polyangiales","Polyangiaceae","PMG-095","Unassign","RP"
"MAG_497",12,219.833333333333,0.00114924397773621,0.0603330719151233,0.000509731664723033,"M3",-0.301092247053146,0.277777777777778,"Peripheral nodes","Bdellovibrionota","Oligoflexia","Oligoflexales","Oligoflexaceae","Oligoflexus","Unassign","RS sig"
"MAG_498",59,383.15,0.00141623392852184,0.908735208985411,0.0927874555442985,"M2",0.940666895977934,0.606147658718759,"Peripheral nodes","Methylomirabilota","Methylomirabilia","Rokubacteriales","CSP1-6","VGLJ01","Unassign","RS sig"
"MAG_499",5,253,0.00103401346751855,0.00388491206731495,0.0134889672004539,"M1",-1.21400678304068,0.32,"Peripheral nodes","Planctomycetota","Phycisphaerae","Phycisphaerales","SM1A02","Unassign","Unassign","RS sig"
"MAG_500",49,220.666666666667,0.00140008922137195,0.769418656488608,0.00829150401792604,"M2",0.438118828263695,0.616409829237818,"Peripheral nodes","Verrucomicrobiota","Verrucomicrobiae","Chthoniobacterales","Terrimicrobiaceae","Unassign","Unassign","RS sig"
"MAG_501",33,562.216666666667,0.00146682916832943,0.423453896650054,0.00201065212359706,"M1",0.572556880038357,0.460973370064279,"Peripheral nodes","Desulfobacterota_B","Binatia","UBA9968","UBA9968","Unassign","Unassign","RS sig"
"MAG_502",4,0,0.000854441314750632,0.00523572436432302,0.000594844500020015,"M2",-1.32079940873614,0,"Peripheral nodes","Bacteroidota","Bacteroidia","Chitinophagales","Chitinophagaceae","JACDAZ01","Unassign","RS sig"
"MAG_503",3,27,0.0010406251912914,0.0059351159217155,0.00246514724125942,"M1",-1.40206611599637,0.444444444444444,"Peripheral nodes","Desulfobacterota_B","Binatia","UBA9968","UBA9968","DP-20","Unassign","RS sig"
"MAG_505",2,290,0.000395731531073654,3.21621400505044e-13,0.074722781349573,"M4",-0.729232376876382,0,"Peripheral nodes","Proteobacteria","Gammaproteobacteria","Burkholderiales","Burkholderiaceae","CADEEN01","Unassign","RP sig"
"MAG_507",47,3433.33333333333,0.00154792301359365,0.452563252406312,0.00984543490033127,"M1",1.79494254425033,0.385694884563151,"Peripheral nodes","Eisenbacteria","RBG-16-71-46","RBG-16-71-46","Unassign","Unassign","Unassign","RS sig"
"MAG_508",13,333,0.00125934477032391,0.1236859578598,0.00844785752381366,"M1",-0.931917783607147,0.556213017751479,"Peripheral nodes","Acidobacteriota","Blastocatellia","UBA7656","UBA7656","JADGNW01","Unassign","RS sig"
"MAG_509",19,273.166666666667,0.00118111603886103,0.0390470090279596,0.0542877849724149,"M1",0.196438214126981,0,"Peripheral nodes","Gemmatimonadota","Gemmatimonadetes","Gemmatimonadales","Gemmatimonadaceae","JABWBJ01","Unassign","RS sig"
"MAG_510",34,374.7,0.00140474100087796,0.382594747425823,0.0114574933886208,"M1",1.32479421186111,0.160899653979239,"Peripheral nodes","Acidobacteriota","Acidobacteriae","Bryobacterales","Bryobacteraceae","Unassign","Unassign","RS sig"
"MAG_513",2,1148,0.000579213065229613,2.82753700635611e-08,0.0121061513298191,"M4",-0.729232376876382,0,"Peripheral nodes","Acidobacteriota","Acidobacteriae","Bryobacterales","Bryobacteraceae","JAFLBB01","Unassign","RS sig"
"MAG_514",3,0,0.00104259299009537,0.00428192964282864,0.0523222497547017,"M1",-1.30803644951852,0,"Peripheral nodes","Proteobacteria","Alphaproteobacteria","Rhizobiales","Methyloligellaceae","Methyloceanibacter","Unassign","RS sig"
"MAG_515",2,290,0.000823186417424113,9.72082323039817e-05,0.00632899981197766,"M24",NA,NA,NA,"Actinobacteriota","Acidimicrobiia","UBA5794","ZC4RG35","Unassign","Unassign","RS sig"
"MAG_516",8,155.5,0.000891690233806426,0.000357728782419282,0.0117193952003943,"M4",0.326897272392861,0.46875,"Peripheral nodes","Acidobacteriota","Acidobacteriae","20CM-2-55-15","20CM-2-55-15","Unassign","Unassign","RS sig"
"MAG_517",11,61,0.00126510451065571,0.0737330554654392,0.00919848217678009,"M1",-0.555799117695771,0,"Peripheral nodes","Eisenbacteria","RBG-16-71-46","RBG-16-71-46","RBG-16-71-46","WS-8","Unassign","RS sig"
"MAG_518",41,1000.66666666667,0.00142707240293809,0.439088353739669,0.0230715394654822,"M1",1.13673487890542,0.414039262343843,"Peripheral nodes","Proteobacteria","Gammaproteobacteria","Steroidobacterales","Steroidobacteraceae","Unassign","Unassign","RS sig"
"MAG_519",2,864,0.000503142172193008,6.26839263296265e-10,0.00299349851186543,"M4",-0.729232376876382,0,"Peripheral nodes","Bacteroidota","Bacteroidia","Chitinophagales","Chitinophagaceae","Ferruginibacter","Unassign","RP sig"
"MAG_520",8,25.5,0.00108416638765326,0.00776488170181801,0.00810470641791976,"M1",-0.837888117129303,0,"Peripheral nodes","Planctomycetota","Phycisphaerae","UBA1845","Fen-1342","JACRLV01","Unassign","RS sig"
"MAG_522",28,341.616666666667,0.00133620661422274,0.384105137487344,0.165346111958505,"M1",0.00837888117129295,0.522959183673469,"Peripheral nodes","Proteobacteria","Gammaproteobacteria","Burkholderiales","SG8-39","SCGC-AG-212-J23","Unassign","RS sig"
"MAG_524",14,2523.66666666667,0.000981337746146206,0.000576630638692574,0.131087136045587,"M4",2.43915657093135,0.336734693877551,"Peripheral nodes","Bacteroidota","Bacteroidia","Chitinophagales","Chitinophagaceae","VBAS01","Unassign","RS sig"
"MAG_525",1,0,1.08222811671087,1.86289825864306e-17,0.142498309169501,"M26",NA,NA,NA,"Proteobacteria","Gammaproteobacteria","Steroidobacterales","Steroidobacteraceae","JAAYXG01","Unassign","RP sig"
"MAG_526",32,336.833333333333,0.00136419261864798,0.309233398654243,0.000903522652971577,"M1",1.32479421186111,0.060546875,"Peripheral nodes","Goldbacteria","Unassign","Unassign","Unassign","Unassign","Unassign","RS sig"
"MAG_528",11,372.833333333333,0.00128728553128924,0.0404416510635422,0.00689553033552613,"M3",-0.540597443572695,0.396694214876033,"Peripheral nodes","Actinobacteriota","UBA4738","UBA4738","HRBIN12","AC-51","Unassign","RS sig"
"MAG_529",4,38,0.00105440796801629,0.0182661708656465,0.0102594694532864,"M2",-1.40455742002185,0.375,"Peripheral nodes","Planctomycetota","Phycisphaerae","Tepidisphaerales","Unassign","Unassign","Unassign","RS sig"
"MAG_530",4,0,0.000814174620500834,4.4250068489526e-05,0.000259010723538127,"M4",-0.02514594403022,0,"Peripheral nodes","Bacteroidota","Bacteroidia","Chitinophagales","UBA10324","JAFDYS01","Unassign","RS sig"
"MAG_531",12,836,0.00109877976198491,0.00498656547965073,0.0145033744298998,"M1",-0.837888117129303,0.444444444444444,"Peripheral nodes","Myxococcota_A","UBA796","UBA796","GCA-2862545","DRPG01","Unassign","RS sig"
"MAG_532",4,0,0.000720715628223788,5.70490780773141e-06,0.00266988606479572,"M4",-0.02514594403022,0,"Peripheral nodes","Verrucomicrobiota","Verrucomicrobiae","Pedosphaerales","UBA8199","PSRM01","Unassign","RS sig"
"MAG_533",6,1,0.000747752618508713,4.37130414100468e-05,0.000175926476476508,"M6",0.425646338382732,0,"Peripheral nodes","Bacteroidota","Bacteroidia","Cytophagales","Cyclobacteriaceae","ELB16-189","Unassign","RS sig"
"MAG_534",16,1670.16666666667,0.000986086036006644,0.00125195309029045,0.00170084957652782,"M4",2.79119978735443,0.375,"Module hubs","Bacteroidota","Bacteroidia","Chitinophagales","Saprospiraceae","JADKGY01","Unassign","RS sig"
"MAG_535",46,517.95,0.00149834741094381,0.66976218113276,0.00888208132382827,"M1",0.572556880038357,0.62476370510397,"Connectors","Gemmatimonadota","Gemmatimonadetes","Longimicrobiales","UBA6960","Unassign","Unassign","RS sig"
"MAG_536",3,4,0.00105351222384036,0.0191376258603126,0.0289824456303869,"M3",-1.25911303313134,0.444444444444444,"Peripheral nodes","Chloroflexota","Dehalococcoidia","Tepidiformales","Tepidiformaceae","14-Feb","Unassign","RS sig"
"MAG_537",15,243.833333333333,0.00119067074451941,0.0299289295510381,0.0100177128121018,"M1",-0.179680451784395,0,"Peripheral nodes","Planctomycetota","UBA1135","UBA1135","GCA-002686595","JABFRZ01","Unassign","RS sig"
"MAG_539",8,209.5,0.000962504777137682,0.000452188189366967,0.00413469819425677,"M4",0.678940488815942,0.375,"Peripheral nodes","Actinobacteriota","Acidimicrobiia","UBA5794","ZC4RG35","Unassign","Unassign","RS sig"
"MAG_540",4,0,0.00074599439407154,2.28438719411408e-05,0.000806293129438894,"M6",-0.532057922978415,0,"Peripheral nodes","Bacteroidota","Bacteroidia","Cytophagales","Cyclobacteriaceae","ELB16-189","Unassign","RS sig"
"MAG_541",11,2,0.00108443437975935,0.041100102746589,0.0367395874012362,"M3",-0.181339648793372,0,"Peripheral nodes","Planctomycetota","Planctomycetia","Gemmatales","Gemmataceae","SIAJ01","Unassign","RS sig"
"MAG_542",3,1,0.000997082068652033,0.0154782234231537,0.043011788030859,"M2",-1.40455742002185,0,"Peripheral nodes","Planctomycetota","Phycisphaerae","Tepidisphaerales","Unassign","Unassign","Unassign","RS sig"
"MAG_543",25,354.833333333333,0.00130700110518476,0.105324798245588,0.127736740321945,"M1",0.760616212994045,0,"Peripheral nodes","Verrucomicrobiota","Verrucomicrobiae","Pedosphaerales","UBA11320","Unassign","Unassign","RS sig"
"MAG_545",34,218.333333333333,0.00132759776390886,0.098071054680877,0.00555121404724561,"M1",1.60688321129464,0,"Peripheral nodes","Planctomycetota","UBA1135","UBA1135","GCA-002686595","Unassign","Unassign","RS sig"
"MAG_546",17,778.266666666667,0.00132114084397586,0.0710931401582927,0.0158471098181803,"M1",0.00837888117129295,0,"Peripheral nodes","Planctomycetota","Planctomycetia","Pirellulales","JAEUIK01","Unassign","Unassign","RS sig"
"MAG_547",28,1047.53333333333,0.00137229115443993,0.153221877746237,0.011684584965099,"M1",0.948675545949733,0.0688775510204082,"Peripheral nodes","Acidobacteriota","Mor1","Mor1","Unassign","Unassign","Unassign","RS sig"
"MAG_548",2,0,0.000999767211066052,0.00971637493468956,0.0504344374369911,"M3",-1.25911303313134,0,"Peripheral nodes","Actinobacteriota","Actinomycetia","Actinomycetales","Dermatophilaceae","Ornithinibacter","Unassign","RS sig"
"MAG_549",61,762.083333333333,0.00156436919112911,0.795411955478126,0.00573483185901649,"M1",1.5128535448168,0.601451222789573,"Peripheral nodes","Acidobacteriota","Mor1","Gp22-AA2","Gp22-AA2","Unassign","Unassign","RS sig"
"MAG_550",28,304.8,0.00129758610819578,0.315509161487481,0.110194354633119,"M2",-0.0644292394505435,0.436224489795918,"Peripheral nodes","Acidobacteriota","Vicinamibacteria","Vicinamibacterales","UBA2999","Gp6-AA40","Unassign","RS sig"
"MAG_551",23,1421,0.00121821227348866,0.0410144622152143,0.0265848337656004,"M1",0.478527213560513,0.0831758034026465,"Peripheral nodes","Gemmatimonadota","Gemmatimonadetes","Gemmatimonadales","Gemmatimonadaceae","JABWBJ01","Unassign","RS sig"
"MAG_552",26,548,0.00136166577112668,0.267015737781012,0.0327065233658064,"M3",-0.0615870505335981,0.630177514792899,"Connectors","Actinobacteriota","Acidimicrobiia","IMCC26256","PALSA-555","Unassign","Unassign","RS sig"
"MAG_553",8,838,0.000940868273829566,0.0021788481105013,0.0149360974299143,"M3",-0.540597443572695,0,"Peripheral nodes","Actinobacteriota","Rubrobacteria","Rubrobacterales","Rubrobacteraceae","SCSIO-52915","Unassign","RS sig"
"MAG_554",1,0,1.10869565217391,2.39515490396964e-17,0.00575376479431124,"M40",NA,NA,NA,"Proteobacteria","Alphaproteobacteria","Rhizobiales","Aestuariivirgaceae","CABJBCQ01","Unassign","RS sig"
"MAG_556",15,14,0.00116674435430137,0.199360059537055,0.00667372125904808,"M2",-0.650735318450489,0.32,"Peripheral nodes","Desulfobacterota_B","Binatia","UBA9968","UBA9968","DP-20","Unassign","RS sig"
"MAG_557",51,320.2,0.00148301080271595,0.67319657669481,0.0200886241947936,"M1",1.5128535448168,0.499807766243752,"Peripheral nodes","Acidobacteriota","Vicinamibacteria","Vicinamibacterales","SCN-69-37","Unassign","Unassign","RS sig"
"MAG_558",12,157.333333333333,0.00117112488267223,0.0260021748286611,0.0257008346361589,"M1",-0.461769451217927,0,"Peripheral nodes","Proteobacteria","Alphaproteobacteria","Micropepsales","Micropepsaceae","CAIYRG01","Unassign","RS sig"
"MAG_559",2,0,0.531942633637549,0,0.00589319775902182,"M19",NA,NA,NA,"Proteobacteria","Gammaproteobacteria","Burkholderiales","Burkholderiaceae","JACCZX01","Unassign","RS sig"
"MAG_560",6,1,0.00096175605340575,0.0012637705668194,0.024884055730249,"M1",-1.02594745008499,0,"Peripheral nodes","Planctomycetota","Planctomycetia","Pirellulales","Pirellulaceae","Anatilimnocola","Unassign","RS sig"
"MAG_561",25,158.333333333333,0.00123690337601863,0.0702101615712054,0.00523906428252922,"M1",0.760616212994045,0,"Peripheral nodes","Desulfobacterota_B","Binatia","UBA9968","UBA9968","DP-20","Unassign","RS sig"
"MAG_562",3,0,0.000899177517035888,0.00214863638061666,0.0371118447012487,"M3",-1.13936043487157,0,"Peripheral nodes","Gemmatimonadota","Gemmatimonadetes","Longimicrobiales","RSA9","Unassign","Unassign","RS sig"
"MAG_563",36,2021.3,0.00134028881910043,0.0856264260090095,0.0487297065486984,"M1",1.79494254425033,0,"Peripheral nodes","Myxococcota","Polyangia","Haliangiales","Haliangiaceae","Unassign","Unassign","RS sig"
"MAG_565",67,700.766666666667,0.00153874584670622,0.945356586791854,0.0433948713367542,"M1",1.32479421186111,0.55424370683894,"Peripheral nodes","Proteobacteria","Gammaproteobacteria","Burkholderiales","SG8-41","PALSA-1004","Unassign","RS sig"
"MAG_566",5,0,0.00095283468318247,0.000405143155041532,0.00903299315324511,"M4",-0.377189160453301,0.48,"Peripheral nodes","Desulfobacterota_B","Binatia","UBA9968","UBA9968","DP-20","Unassign","RS sig"
"MAG_567",20,316.4,0.00128792350744502,0.240025970968269,0.00230485338831285,"M2",-0.483219295879076,0.42,"Peripheral nodes","Desulfobacterota_B","Binatia","UBA9968","UBA9968","DP-20","Unassign","RS sig"
"MAG_568",17,777.5,0.00119352687190648,0.0465760497948753,0.0106690518944766,"M1",-0.273710118262239,0.290657439446367,"Peripheral nodes","Gemmatimonadota","Gemmatimonadetes","Gemmatimonadales","GWC2-71-9","Unassign","Unassign","RS sig"
"MAG_570",10,241.833333333333,0.00111893942094885,0.0273005042128945,0.00154314164711075,"M3",-0.301092247053146,0,"Peripheral nodes","Actinobacteriota","Acidimicrobiia","UBA5794","ZC4RG35","MA-ANB-1","Unassign","RS sig"
"MAG_571",17,63.8333333333333,0.00120090421022888,0.0564087957792733,0.00955630660620389,"M1",0.00837888117129295,0,"Peripheral nodes","Proteobacteria","Gammaproteobacteria","Steroidobacterales","Steroidobacteraceae","Unassign","Unassign","RS sig"
"MAG_572",24,238.666666666667,0.00134309049072181,0.295177647128065,0.021159229918359,"M1",-0.085650785306551,0.496527777777778,"Peripheral nodes","Acidobacteriota","Vicinamibacteria","Vicinamibacterales","Unassign","Unassign","Unassign","RS sig"
"MAG_575",49,656.533333333333,0.0014787109120167,0.745444540323445,0.0349088835541158,"M2",0.354360816977989,0.624739691795085,"Connectors","Acidobacteriota","Blastocatellia","Pyrinomonadales","Pyrinomonadaceae","PSRF01","Unassign","RS sig"
"MAG_576",2,0,0.000781136323604865,2.80332706445841e-05,0.0177741681476569,"M4",-0.729232376876382,0,"Peripheral nodes","Planctomycetota","UBA1135","UBA1135","GCA-002686595","Unassign","Unassign","RS sig"
"MAG_577",28,2.33333333333333,0.00124038926333646,0.396497411565911,0.0352895758658933,"M1",-0.273710118262239,0.5,"Peripheral nodes","Proteobacteria","Gammaproteobacteria","Burkholderiales","WYBJ01","WYBJ01","Unassign","RS sig"
"MAG_578",11,574.333333333333,0.00128679427376548,0.0390594333653308,0.0405046546190099,"M1",-0.931917783607147,0.462809917355372,"Peripheral nodes","Acidobacteriota","Vicinamibacteria","Fen-336","Fen-336","Unassign","Unassign","RS sig"
"MAG_579",17,97.3333333333333,0.00129038379429764,0.0830145848960675,0.0244740243478823,"M1",0.00837888117129295,0,"Peripheral nodes","Acidobacteriota","Vicinamibacteria","Fen-336","Fen-336","Unassign","Unassign","RS sig"
"MAG_581",1,0,0.357894736842105,7.98384967989882e-18,0.0190375764124053,"M18",-0.577350269189626,0,"Peripheral nodes","Thermoproteota","Nitrososphaeria","Nitrososphaerales","Nitrososphaeraceae","TA-21","Unassign","RS sig"
"MAG_582",12,10,0.00121133668628161,0.04921774713418,0.00264170611773594,"M1",-0.461769451217927,0,"Peripheral nodes","Planctomycetota","Phycisphaerae","Phycisphaerales","SM1A02","Unassign","Unassign","RS sig"
"MAG_583",27,369.166666666667,0.001320755938546,0.382407027215247,0.0081728632120397,"M3",-0.301092247053146,0.65843621399177,"Connectors","Gemmatimonadota","Gemmatimonadetes","Gemmatimonadales","Gemmatimonadaceae","PNKF01","Unassign","RS sig"
"MAG_584",23,42.1666666666667,0.00127560990098391,0.313721102153112,0.0372252435894878,"M1",0.196438214126981,0.298676748582231,"Peripheral nodes","Proteobacteria","Gammaproteobacteria","Burkholderiales","SG8-39","JAABQT01","Unassign","RS sig"
"MAG_585",6,1224.25,0.00106028554945141,0.00556522366818392,0.0302332015245467,"M1",-1.11997711656283,0.277777777777778,"Peripheral nodes","Myxococcota","Polyangia","Nannocystales","Nannocystaceae","Unassign","Unassign","RS sig"
"MAG_586",50,1813.81666666667,0.00149249909462371,0.406863492969244,0.0239454679949233,"M1",2.82926887550661,0.1128,"Module hubs","Acidobacteriota","Vicinamibacteria","Vicinamibacterales","SCN-69-37","Unassign","Unassign","RS sig"
"MAG_587",17,77.5,0.00124925366279337,0.224442262035526,0.0171548372417537,"M2",-1.06952537487902,0.629757785467128,"Connectors","Acidobacteriota","Blastocatellia","Pyrinomonadales","Pyrinomonadaceae","OLB17","Unassign","RS sig"
"MAG_588",1,0,0.000581406947813025,5.16104381504067e-08,0.00336901622364277,"M4",-1.08127559329946,0,"Peripheral nodes","Armatimonadota","Fimbriimonadia","Fimbriimonadales","Fimbriimonadaceae","Unassign","Unassign","RS sig"
"MAG_590",62,864.083333333333,0.00152905198776758,0.946219894924504,0.0857973610087692,"M2",1.27569894112076,0.570759625390219,"Peripheral nodes","Acidobacteriota","Blastocatellia","Pyrinomonadales","Pyrinomonadaceae","PSRF01","Unassign","RS sig"
"MAG_591",11,1150.33333333333,0.00104937731801791,0.00550675642983392,0.0148128277887337,"M1",-1.02594745008499,0.495867768595041,"Peripheral nodes","Acidobacteriota","Acidobacteriae","20CM-2-55-15","20CM-2-55-15","DSPE01","Unassign","RS sig"
"MAG_592",22,355.666666666667,0.00131705521947692,0.145026093610716,0.0310240281716321,"M1",0.478527213560513,0,"Peripheral nodes","Myxococcota","Polyangia","Haliangiales","Haliangiaceae","JABFXX01","Unassign","RS sig"
"MAG_593",1,0,1.0625,1.59676993597976e-17,0.0202573514006816,"M32",NA,NA,NA,"Proteobacteria","Alphaproteobacteria","Caulobacterales","Unassign","Unassign","Unassign","RS sig"
"MAG_594",20,28,0.00134095839084993,0.238067802499908,0.00236574241772666,"M1",-0.085650785306551,0.34,"Peripheral nodes","RBG-13-61-14","Unassign","Unassign","Unassign","Unassign","Unassign","RS sig"
