Phylum,Label,Id,att1,att2,att3,att4,Class,Order,Family,Genus,Species,category,enrich,significant,color,hub
Proteobacteria,MAG_002,1,MAG_002,Proteobacteria,0.306981,M3,Gammaproteobacteria,Burkholderiales,Burkholderiaceae,Variovorax,Unassign,RP sig,RP,Y,#FBB4AE,
Bacteroidota,MAG_007,2,MAG_007,Bacteroidota,0.130886,M11,Bacteroidia,Chitinophagales,Chitinophagaceae,JACDAZ01,Unassign,RP sig,RP,Y,#B3CDE3,
Bacteroidota,MAG_008,3,MAG_008,Bacteroidota,0.094929,M3,Bacteroidia,Cytophagales,Cyclobacteriaceae,Chryseolinea,Unassign,RP sig,RP,Y,#B3CDE3,
Verrucomicrobiota,MAG_010,4,MAG_010,Verrucomicrobiota,0.183624,M12,Verrucomicrobiae,Verrucomicrobiales,Akkermansiaceae,Luteolibacter,Unassign,RS sig,RS,Y,#CCEBC5,
Bacteroidota,MAG_012,5,MAG_012,Bacteroidota,0.572271,M3,Bacteroidia,Chitinophagales,Chitinophagaceae,Niastella,Unassign,RP sig,RP,Y,#B3CDE3,
Firmicutes,MAG_014,6,MAG_014,Firmicutes,0.895654,M4,Bacilli,Bacillales_B,DSM-1321,Peribacillus,Peribacillus frigoritolerans,RP sig,RP,Y,#DECBE4,
Myxococcota,MAG_019,7,MAG_019,Myxococcota,0.416536,M30,Polyangia,Polyangiales,Polyangiaceae,Unassign,Unassign,RP sig,RP,Y,#FED9A6,
Verrucomicrobiota,MAG_021,8,MAG_021,Verrucomicrobiota,0.046471,M3,Verrucomicrobiae,Opitutales,Opitutaceae,Lacunisphaera,Unassign,RP sig,RP,Y,#CCEBC5,
Proteobacteria,MAG_024,9,MAG_024,Proteobacteria,0.299615,M10,Gammaproteobacteria,Xanthomonadales,Xanthomonadaceae,Lysobacter,Unassign,RP sig,RP,Y,#FBB4AE,
Myxococcota,MAG_026,10,MAG_026,Myxococcota,0.052043,M32,Polyangia,Polyangiales,Polyangiaceae,PMG-095,Unassign,RP,RP,N,#FED9A6,
Bacteroidota,MAG_028,11,MAG_028,Bacteroidota,0.104833,M32,Bacteroidia,Cytophagales,Cyclobacteriaceae,Ohtaekwangia,Unassign,RP sig,RP,Y,#B3CDE3,
Proteobacteria,MAG_032,12,MAG_032,Proteobacteria,0.196882,M19,Gammaproteobacteria,Burkholderiales,Burkholderiaceae,Pelomonas,Unassign,RP sig,RP,Y,#FBB4AE,
Proteobacteria,MAG_033,13,MAG_033,Proteobacteria,0.431277,M1,Gammaproteobacteria,Burkholderiales,SG8-39,SCGC-AG-212-J23,Unassign,RS sig,RS,Y,#FBB4AE,
Proteobacteria,MAG_034,14,MAG_034,Proteobacteria,0.662355,M3,Alphaproteobacteria,Rhizobiales,Devosiaceae,Devosia,Unassign,RP sig,RP,Y,#FBB4AE,
Thermoproteota,MAG_035,15,MAG_035,Thermoproteota,0.114229,M2,Nitrososphaeria,Nitrososphaerales,Nitrososphaeraceae,Nitrososphaera,Unassign,RS sig,RS,Y,#FFFFCC,
Bacteroidota,MAG_036,16,MAG_036,Bacteroidota,0.289257,M7,Bacteroidia,Chitinophagales,Chitinophagaceae,Chitinophaga,Unassign,RP sig,RP,Y,#B3CDE3,
Actinobacteriota,MAG_037,17,MAG_037,Actinobacteriota,0.289659,M3,Actinomycetia,Mycobacteriales,Pseudonocardiaceae,Kibdelosporangium,Unassign,RP sig,RP,Y,#E5D8BD,
Proteobacteria,MAG_039,30,MAG_039,Proteobacteria,0.046349,M15,Gammaproteobacteria,Xanthomonadales,Xanthomonadaceae,Stenotrophomonas,Stenotrophomonas geniculata,RP sig,RP,Y,#FBB4AE,
Chloroflexota,MAG_042,31,MAG_042,Chloroflexota,0.615546,M2,Anaerolineae,Anaerolineales,EnvOPS12,UBA12294,Unassign,RS sig,RS,Y,#FDDAEC,
Firmicutes,MAG_043,32,MAG_043,Firmicutes,0.473527,M4,Bacilli,Bacillales_B,DSM-1321,Peribacillus,Peribacillus frigoritolerans,RP sig,RP,Y,#DECBE4,
Proteobacteria,MAG_044,33,MAG_044,Proteobacteria,0.06034,M6,Alphaproteobacteria,Rhizobiales,Rhizobiaceae,Agrobacterium,Agrobacterium tumefaciens,RP sig,RP,Y,#FBB4AE,
Verrucomicrobiota,MAG_045,34,MAG_045,Verrucomicrobiota,0.245446,M12,Verrucomicrobiae,Verrucomicrobiales,Akkermansiaceae,Luteolibacter,Unassign,RS sig,RS,Y,#CCEBC5,
Patescibacteria,MAG_047,18,MAG_047,Patescibacteria,0.769607,M21,Saccharimonadia,Saccharimonadales,UBA1547,Unassign,Unassign,RP sig,RP,Y,#F2F2F2,
Proteobacteria,MAG_050,19,MAG_050,Proteobacteria,0.062825,M16,Alphaproteobacteria,Rhizobiales,Rhizobiaceae,Mesorhizobium,Unassign,RP sig,RP,Y,#FBB4AE,
Bacteroidota,MAG_052,20,MAG_052,Bacteroidota,0.140983,M28,Bacteroidia,Cytophagales,Cyclobacteriaceae,Ohtaekwangia,Unassign,RP,RP,N,#B3CDE3,
Desulfobacterota_B,MAG_053,21,MAG_053,Desulfobacterota_B,0.499199,M2,Binatia,UBA9968,UBA9968,WHTF01,Unassign,RS sig,RS,Y,#B3E2CD,
Proteobacteria,MAG_054,22,MAG_054,Proteobacteria,0.110471,M19,Gammaproteobacteria,Burkholderiales,Burkholderiaceae,Pelomonas,Unassign,RP sig,RP,Y,#FBB4AE,
Proteobacteria,MAG_056,23,MAG_056,Proteobacteria,0.31743,M3,Gammaproteobacteria,Burkholderiales,Burkholderiaceae,Variovorax,Unassign,RP sig,RP,Y,#FBB4AE,
Myxococcota,MAG_057,24,MAG_057,Myxococcota,0.378241,M30,Polyangia,Polyangiales,Polyangiaceae,Unassign,Unassign,RP sig,RP,Y,#FED9A6,
Proteobacteria,MAG_058,25,MAG_058,Proteobacteria,0.095264,M3,Alphaproteobacteria,Sphingomonadales,Sphingomonadaceae,Unassign,Unassign,RP sig,RP,Y,#FBB4AE,
Proteobacteria,MAG_059,26,MAG_059,Proteobacteria,0.243525,M19,Gammaproteobacteria,Burkholderiales,Burkholderiaceae,Pelomonas,Unassign,RP sig,RP,Y,#FBB4AE,
Proteobacteria,MAG_060,27,MAG_060,Proteobacteria,0.408579,M3,Alphaproteobacteria,Rhizobiales,Beijerinckiaceae,Bosea,Unassign,RP sig,RP,Y,#FBB4AE,
Proteobacteria,MAG_062,28,MAG_062,Proteobacteria,0.18689,M3,Alphaproteobacteria,Sphingomonadales,Sphingomonadaceae,Unassign,Unassign,RP sig,RP,Y,#FBB4AE,
Chloroflexota,MAG_064,29,MAG_064,Chloroflexota,1.2419,M2,Anaerolineae,Anaerolineales,EnvOPS12,UBA12294,Unassign,RS sig,RS,Y,#FDDAEC,
Proteobacteria,MAG_065,35,MAG_065,Proteobacteria,0.431068,M6,Alphaproteobacteria,Rhizobiales,Rhizobiaceae,Ensifer,Ensifer adhaerens,RP sig,RP,Y,#FBB4AE,
Proteobacteria,MAG_066,36,MAG_066,Proteobacteria,0.102523,M31,Alphaproteobacteria,Sphingomonadales,Sphingomonadaceae,Sphingobium_A,Unassign,RP sig,RP,Y,#FBB4AE,
Firmicutes,MAG_067,37,MAG_067,Firmicutes,0.076638,M4,Bacilli,Bacillales,Bacillaceae_H,Bacillus_I,Bacillus_I endophytica,RP sig,RP,Y,#DECBE4,
Patescibacteria,MAG_068,38,MAG_068,Patescibacteria,0.192335,M21,Saccharimonadia,Saccharimonadales,UBA1547,Unassign,Unassign,RP sig,RP,Y,#F2F2F2,
Proteobacteria,MAG_070,39,MAG_070,Proteobacteria,0.087933,M22,Gammaproteobacteria,Enterobacterales,Enterobacteriaceae,Enterobacter,Enterobacter mori,RP sig,RP,Y,#FBB4AE,
Firmicutes,MAG_074,40,MAG_074,Firmicutes,0.014476,M4,Bacilli,Bacillales,Bacillaceae,Bacillus,Bacillus licheniformis,RP sig,RP,Y,#DECBE4,
Proteobacteria,MAG_078,41,MAG_078,Proteobacteria,1.062215,M3,Gammaproteobacteria,Steroidobacterales,Steroidobacteraceae,Steroidobacter_A,Unassign,RP sig,RP,Y,#FBB4AE,
Proteobacteria,MAG_079,42,MAG_079,Proteobacteria,0.004025,M9,Gammaproteobacteria,Enterobacterales,Enterobacteriaceae,Enterobacter,Enterobacter asburiae_B,RP sig,RP,Y,#FBB4AE,
Bacteroidota,MAG_080,43,MAG_080,Bacteroidota,0.316095,M3,Bacteroidia,Cytophagales,Cyclobacteriaceae,Chryseolinea,Unassign,RP sig,RP,Y,#B3CDE3,
Firmicutes,MAG_081,44,MAG_081,Firmicutes,0.134147,M4,Bacilli,Bacillales,Bacillaceae,Bacillus_P,Unassign,RP,RP,N,#DECBE4,
Proteobacteria,MAG_084,45,MAG_084,Proteobacteria,0.324497,M6,Alphaproteobacteria,Rhizobiales,Rhizobiaceae,Neorhizobium,Neorhizobium huautlense,RP sig,RP,Y,#FBB4AE,
Proteobacteria,MAG_085,46,MAG_085,Proteobacteria,0.200049,M16,Alphaproteobacteria,Rhizobiales,Rhizobiaceae,Mesorhizobium,Unassign,RP sig,RP,Y,#FBB4AE,
Proteobacteria,MAG_089,47,MAG_089,Proteobacteria,0.022744,M15,Gammaproteobacteria,Xanthomonadales,Xanthomonadaceae,Stenotrophomonas,Stenotrophomonas geniculata,RP sig,RP,Y,#FBB4AE,
Bacteroidota,MAG_090,48,MAG_090,Bacteroidota,0.387097,M7,Bacteroidia,Chitinophagales,Chitinophagaceae,Chitinophaga,Unassign,RP sig,RP,Y,#B3CDE3,
Proteobacteria,MAG_091,49,MAG_091,Proteobacteria,0.15609,M3,Alphaproteobacteria,Sphingomonadales,Sphingomonadaceae,Sphingomonas_H,Unassign,RP sig,RP,Y,#FBB4AE,
Proteobacteria,MAG_093,50,MAG_093,Proteobacteria,0.069062,M4,Gammaproteobacteria,Pseudomonadales,Moraxellaceae,Acinetobacter,Acinetobacter calcoaceticus,RP sig,RP,Y,#FBB4AE,
Proteobacteria,MAG_094,51,MAG_094,Proteobacteria,0.14611,M6,Alphaproteobacteria,Rhizobiales,Rhizobiaceae,Agrobacterium,Agrobacterium tumefaciens,RP sig,RP,Y,#FBB4AE,
Proteobacteria,MAG_095,52,MAG_095,Proteobacteria,0.032621,M22,Gammaproteobacteria,Enterobacterales,Enterobacteriaceae,Enterobacter,Enterobacter mori,RP,RP,N,#FBB4AE,
Proteobacteria,MAG_097,53,MAG_097,Proteobacteria,0.444389,M3,Alphaproteobacteria,Rhizobiales,Beijerinckiaceae,Bosea,Unassign,RP sig,RP,Y,#FBB4AE,
Bacteroidota,MAG_098,54,MAG_098,Bacteroidota,0.155363,M7,Bacteroidia,Chitinophagales,Chitinophagaceae,Chitinophaga,Unassign,RP sig,RP,Y,#B3CDE3,
Proteobacteria,MAG_100,55,MAG_100,Proteobacteria,0.343309,M3,Gammaproteobacteria,Burkholderiales,Burkholderiaceae,Variovorax,Unassign,RP sig,RP,Y,#FBB4AE,
Proteobacteria,MAG_101,56,MAG_101,Proteobacteria,0.995899,M3,Gammaproteobacteria,Steroidobacterales,Steroidobacteraceae,Steroidobacter_A,Unassign,RP sig,RP,Y,#FBB4AE,
Firmicutes,MAG_102,57,MAG_102,Firmicutes,2.551175,M4,Bacilli,Bacillales,Bacillaceae_H,Priestia,Priestia megaterium,RP sig,RP,Y,#DECBE4,
Bacteroidota,MAG_103,58,MAG_103,Bacteroidota,0.439146,M7,Bacteroidia,Chitinophagales,Chitinophagaceae,Chitinophaga,Unassign,RP sig,RP,Y,#B3CDE3,
Patescibacteria,MAG_106,59,MAG_106,Patescibacteria,0.023208,M24,Saccharimonadia,Saccharimonadales,EFPC-124,EFPC-124,Unassign,RP sig,RP,Y,#F2F2F2,
Firmicutes,MAG_108,60,MAG_108,Firmicutes,0.210408,M4,Bacilli,Bacillales,Bacillaceae,Metabacillus,Metabacillus sp004801455,RP,RP,N,#DECBE4,
Bacteroidota,MAG_110,61,MAG_110,Bacteroidota,0.182062,M28,Bacteroidia,Cytophagales,Cyclobacteriaceae,Ohtaekwangia,Unassign,RP,RP,N,#B3CDE3,
Firmicutes,MAG_111,62,MAG_111,Firmicutes,0.169001,M4,Bacilli,Bacillales_D,Amphibacillaceae,Terribacillus,Terribacillus saccharophilus,RP sig,RP,Y,#DECBE4,
Proteobacteria,MAG_113,63,MAG_113,Proteobacteria,0.889359,M3,Alphaproteobacteria,Rhizobiales,Devosiaceae,Devosia_A,Unassign,RP sig,RP,Y,#FBB4AE,
Proteobacteria,MAG_118,64,MAG_118,Proteobacteria,0.231571,M16,Alphaproteobacteria,Rhizobiales,Rhizobiaceae,Mesorhizobium,Unassign,RP sig,RP,Y,#FBB4AE,
Proteobacteria,MAG_119,65,MAG_119,Proteobacteria,0.020131,M9,Gammaproteobacteria,Enterobacterales,Enterobacteriaceae,Kosakonia,Kosakonia cowanii,RP,RP,N,#FBB4AE,
Proteobacteria,MAG_122,66,MAG_122,Proteobacteria,0.080453,M15,Gammaproteobacteria,Xanthomonadales,Xanthomonadaceae,Stenotrophomonas,Stenotrophomonas geniculata,RP sig,RP,Y,#FBB4AE,
Bacteroidota,MAG_124,67,MAG_124,Bacteroidota,0.224922,M11,Bacteroidia,Chitinophagales,Chitinophagaceae,Unassign,Unassign,RP sig,RP,Y,#B3CDE3,
Patescibacteria,MAG_126,68,MAG_126,Patescibacteria,0.003924,M3,Saccharimonadia,Saccharimonadales,UBA5946,UBA5946,Unassign,RP sig,RP,Y,#F2F2F2,
Bacteroidota,MAG_128,69,MAG_128,Bacteroidota,0.208838,M13,Bacteroidia,Chitinophagales,Chitinophagaceae,Niastella,Unassign,RP sig,RP,Y,#B3CDE3,
Proteobacteria,MAG_130,70,MAG_130,Proteobacteria,0.206855,M6,Alphaproteobacteria,Rhizobiales,Rhizobiaceae,Agrobacterium,Agrobacterium tumefaciens,RP sig,RP,Y,#FBB4AE,
Proteobacteria,MAG_132,71,MAG_132,Proteobacteria,0.248227,M29,Gammaproteobacteria,Xanthomonadales,Xanthomonadaceae,Pseudoxanthomonas_A,Unassign,RP sig,RP,Y,#FBB4AE,
Proteobacteria,MAG_133,72,MAG_133,Proteobacteria,0.041404,M9,Gammaproteobacteria,Enterobacterales,Enterobacteriaceae,Enterobacter,Enterobacter asburiae_B,RP,RP,N,#FBB4AE,
Patescibacteria,MAG_135,73,MAG_135,Patescibacteria,0.214647,M3,Saccharimonadia,Saccharimonadales,UBA1547,Unassign,Unassign,RP sig,RP,Y,#F2F2F2,
Firmicutes,MAG_136,74,MAG_136,Firmicutes,0.109635,M4,Bacilli,Bacillales_D,Amphibacillaceae,Terribacillus,Terribacillus saccharophilus,RP sig,RP,Y,#DECBE4,
Proteobacteria,MAG_137,75,MAG_137,Proteobacteria,0.393597,M6,Alphaproteobacteria,Rhizobiales,Rhizobiaceae,Sinorhizobium,Sinorhizobium meliloti_A,RP sig,RP,Y,#FBB4AE,
Proteobacteria,MAG_139,76,MAG_139,Proteobacteria,0.028234,M9,Gammaproteobacteria,Enterobacterales,Enterobacteriaceae,Kosakonia,Kosakonia cowanii,RP sig,RP,Y,#FBB4AE,
Firmicutes,MAG_142,77,MAG_142,Firmicutes,0.142892,M4,Bacilli,Bacillales,Bacillaceae,Bacillus_P,Unassign,RP,RP,N,#DECBE4,
Myxococcota,MAG_143,78,MAG_143,Myxococcota,0.372978,M14,Polyangia,Polyangiales,Polyangiaceae,PMG-095,Unassign,RP sig,RP,Y,#FED9A6,
Firmicutes,MAG_146,79,MAG_146,Firmicutes,0.379388,M4,Bacilli,Bacillales_B,DSM-1321,Peribacillus,Peribacillus frigoritolerans,RP sig,RP,Y,#DECBE4,
Firmicutes,MAG_147,80,MAG_147,Firmicutes,0.219864,M4,Bacilli,Bacillales,Bacillaceae,Bacillus,Bacillus halotolerans,RP sig,RP,Y,#DECBE4,
Firmicutes,MAG_148,81,MAG_148,Firmicutes,0.107165,M4,Bacilli,Bacillales_G,Fictibacillaceae,Fictibacillus,Fictibacillus barbaricus,RP sig,RP,Y,#DECBE4,
Bacteroidota,MAG_149,82,MAG_149,Bacteroidota,0.149804,M11,Bacteroidia,Chitinophagales,Chitinophagaceae,JACDAZ01,Unassign,RP sig,RP,Y,#B3CDE3,
Patescibacteria,MAG_154,83,MAG_154,Patescibacteria,0.067519,M17,Saccharimonadia,Saccharimonadales,UBA4665,PMNU01,Unassign,RP sig,RP,Y,#F2F2F2,
Myxococcota,MAG_156,84,MAG_156,Myxococcota,0.357434,M14,Polyangia,Polyangiales,Polyangiaceae,PMG-095,Unassign,RP sig,RP,Y,#FED9A6,
Firmicutes,MAG_159,85,MAG_159,Firmicutes,0.344779,M4,Bacilli,Bacillales_B,DSM-18226,Cytobacillus,Unassign,RP,RP,N,#DECBE4,
Bacteroidota,MAG_161,86,MAG_161,Bacteroidota,0.137939,M7,Bacteroidia,Chitinophagales,Chitinophagaceae,Chitinophaga,Unassign,RP sig,RP,Y,#B3CDE3,
Proteobacteria,MAG_163,87,MAG_163,Proteobacteria,0.122744,M31,Alphaproteobacteria,Sphingomonadales,Sphingomonadaceae,Sphingobium_A,Unassign,RP sig,RP,Y,#FBB4AE,
Proteobacteria,MAG_166,88,MAG_166,Proteobacteria,0.156854,M10,Gammaproteobacteria,Xanthomonadales,Xanthomonadaceae,Unassign,Unassign,RP sig,RP,Y,#FBB4AE,
Proteobacteria,MAG_169,89,MAG_169,Proteobacteria,0.19937,M29,Gammaproteobacteria,Xanthomonadales,Xanthomonadaceae,Pseudoxanthomonas_A,Unassign,RP sig,RP,Y,#FBB4AE,
Proteobacteria,MAG_170,90,MAG_170,Proteobacteria,0.025036,M22,Gammaproteobacteria,Enterobacterales,Enterobacteriaceae,Enterobacter,Enterobacter mori,RP,RP,N,#FBB4AE,
Desulfobacterota_B,MAG_171,91,MAG_171,Desulfobacterota_B,0.225213,M2,Binatia,UBA9968,UBA9968,WHTF01,Unassign,RS sig,RS,Y,#B3E2CD,
Proteobacteria,MAG_172,92,MAG_172,Proteobacteria,0.198979,M3,Alphaproteobacteria,Sphingomonadales,Sphingomonadaceae,Unassign,Unassign,RP sig,RP,Y,#FBB4AE,
Proteobacteria,MAG_174,93,MAG_174,Proteobacteria,0.028253,M27,Gammaproteobacteria,Pseudomonadales,Moraxellaceae,Acinetobacter,Acinetobacter pittii,RP sig,RP,Y,#FBB4AE,
Patescibacteria,MAG_175,94,MAG_175,Patescibacteria,0.059312,M17,Saccharimonadia,Saccharimonadales,UBA4665,Unassign,Unassign,RP sig,RP,Y,#F2F2F2,
Proteobacteria,MAG_177,95,MAG_177,Proteobacteria,0.316428,M6,Alphaproteobacteria,Rhizobiales,Rhizobiaceae,Neorhizobium,Neorhizobium huautlense,RP sig,RP,Y,#FBB4AE,
Proteobacteria,MAG_178,96,MAG_178,Proteobacteria,0.177929,M6,Alphaproteobacteria,Rhizobiales,Rhizobiaceae,Agrobacterium,Agrobacterium tumefaciens,RP sig,RP,Y,#FBB4AE,
Proteobacteria,MAG_179,97,MAG_179,Proteobacteria,0.339882,M1,Gammaproteobacteria,Burkholderiales,SG8-39,SCGC-AG-212-J23,Unassign,RS sig,RS,Y,#FBB4AE,
Proteobacteria,MAG_180,98,MAG_180,Proteobacteria,0.71098,M6,Alphaproteobacteria,Rhizobiales,Rhizobiaceae,Sinorhizobium,Sinorhizobium meliloti_A,RP sig,RP,Y,#FBB4AE,
Firmicutes,MAG_183,99,MAG_183,Firmicutes,0.065249,M4,Bacilli,Bacillales_G,Fictibacillaceae,Fictibacillus,Fictibacillus barbaricus,RP sig,RP,Y,#DECBE4,
Proteobacteria,MAG_185,100,MAG_185,Proteobacteria,0.196249,M10,Gammaproteobacteria,Xanthomonadales,Xanthomonadaceae,Unassign,Unassign,RP sig,RP,Y,#FBB4AE,
Proteobacteria,MAG_186,101,MAG_186,Proteobacteria,0.517695,M6,Alphaproteobacteria,Rhizobiales,Rhizobiaceae,Sinorhizobium,Sinorhizobium meliloti_A,RP sig,RP,Y,#FBB4AE,
Proteobacteria,MAG_187,102,MAG_187,Proteobacteria,0.21489,M6,Alphaproteobacteria,Rhizobiales,Rhizobiaceae,Agrobacterium,Agrobacterium tumefaciens,RP sig,RP,Y,#FBB4AE,
Patescibacteria,MAG_190,103,MAG_190,Patescibacteria,0.067501,M17,Saccharimonadia,Saccharimonadales,UBA4665,Unassign,Unassign,RP sig,RP,Y,#F2F2F2,
Proteobacteria,MAG_191,104,MAG_191,Proteobacteria,0.325636,M3,Gammaproteobacteria,Burkholderiales,Burkholderiaceae,Variovorax,Unassign,RP sig,RP,Y,#FBB4AE,
Acidobacteriota,MAG_192,105,MAG_192,Acidobacteriota,0.241333,M2,Blastocatellia,Pyrinomonadales,Pyrinomonadaceae,Unassign,Unassign,RS sig,RS,Y,#FDCDAC,
Actinobacteriota,MAG_193,106,MAG_193,Actinobacteriota,0.141495,M5,Rubrobacteria,Rubrobacterales,Rubrobacteraceae,SCSIO-52915,Unassign,RS sig,RS,Y,#E5D8BD,
Bacteroidota,MAG_195,107,MAG_195,Bacteroidota,0.714728,M1,Bacteroidia,Chitinophagales,Chitinophagaceae,VBAS01,Unassign,RS sig,RS,Y,#B3CDE3,
Verrucomicrobiota,MAG_196,108,MAG_196,Verrucomicrobiota,0.1722,M12,Verrucomicrobiae,Verrucomicrobiales,Akkermansiaceae,Luteolibacter,Unassign,RS sig,RS,Y,#CCEBC5,
Proteobacteria,MAG_197,109,MAG_197,Proteobacteria,0.514875,M1,Gammaproteobacteria,Burkholderiales,SG8-39,SCGC-AG-212-J23,Unassign,RS sig,RS,Y,#FBB4AE,
Actinobacteriota,MAG_199,110,MAG_199,Actinobacteriota,0.104531,M5,UBA4738,CADDZG01,WHSQ01,Unassign,Unassign,RS sig,RS,Y,#E5D8BD,
Chloroflexota,MAG_200,111,MAG_200,Chloroflexota,2.198746,M1,UBA6077,UBA6077,CF-72,Unassign,Unassign,RS sig,RS,Y,#FDDAEC,
Methylomirabilota,MAG_201,112,MAG_201,Methylomirabilota,0.541931,M1,Methylomirabilia,Rokubacteriales,CSP1-6,AR12,Unassign,RS sig,RS,Y,#CBD5E8,
Acidobacteriota,MAG_203,120,MAG_203,Acidobacteriota,1.184447,M2,Blastocatellia,Pyrinomonadales,Pyrinomonadaceae,PSRF01,Unassign,RS sig,RS,Y,#FDCDAC,
Chloroflexota,MAG_205,113,MAG_205,Chloroflexota,1.38677,M2,Anaerolineae,Anaerolineales,EnvOPS12,UBA12294,Unassign,RS sig,RS,Y,#FDDAEC,
Actinobacteriota,MAG_207,114,MAG_207,Actinobacteriota,0.165962,M5,Rubrobacteria,Rubrobacterales,Rubrobacteraceae,SCSIO-52915,Unassign,RS sig,RS,Y,#E5D8BD,
Nitrospirota,MAG_208,115,MAG_208,Nitrospirota,0.509971,M2,Nitrospiria,Nitrospirales,Nitrospiraceae,Nitrospira_C,Unassign,RS sig,RS,Y,#F4CAE4,
Bacteroidota,MAG_209,116,MAG_209,Bacteroidota,0.319476,M2,Bacteroidia,Cytophagales,Cyclobacteriaceae,PWU20,Unassign,RS sig,RS,Y,#B3CDE3,
Bacteroidota,MAG_210,117,MAG_210,Bacteroidota,0.241845,M2,Bacteroidia,Chitinophagales,Chitinophagaceae,Flavisolibacter,Unassign,RS sig,RS,Y,#B3CDE3,
Bacteroidota,MAG_211,118,MAG_211,Bacteroidota,0.114505,M2,Bacteroidia,Chitinophagales,Chitinophagaceae,JJ008,Unassign,RS sig,RS,Y,#B3CDE3,
Chloroflexota,MAG_212,119,MAG_212,Chloroflexota,0.307847,M2,Anaerolineae,Anaerolineales,EnvOPS12,UBA12294,Unassign,RS sig,RS,Y,#FDDAEC,
Firmicutes,MAG_215,121,MAG_215,Firmicutes,0.600843,M4,Bacilli,Bacillales_B,DSM-18226,Neobacillus,Unassign,RP sig,RP,Y,#DECBE4,
Acidobacteriota,MAG_216,122,MAG_216,Acidobacteriota,0.133526,M2,Blastocatellia,RBC074,Unassign,Unassign,Unassign,RS sig,RS,Y,#FDCDAC,
Gemmatimonadota,MAG_217,123,MAG_217,Gemmatimonadota,0.028529,M1,Gemmatimonadetes,Gemmatimonadales,GWC2-71-9,Unassign,Unassign,RS sig,RS,Y,#E6F5C9,
Gemmatimonadota,MAG_218,124,MAG_218,Gemmatimonadota,0.05126,M2,Gemmatimonadetes,Gemmatimonadales,GWC2-71-9,JACDDX01,Unassign,RS sig,RS,Y,#E6F5C9,
Actinobacteriota,MAG_219,125,MAG_219,Actinobacteriota,0.142064,M2,Acidimicrobiia,Acidimicrobiales,WLNW01,Unassign,Unassign,RS sig,RS,Y,#E5D8BD,
Actinobacteriota,MAG_220,126,MAG_220,Actinobacteriota,0.070176,M5,UBA4738,Unassign,Unassign,Unassign,Unassign,RS sig,RS,Y,#E5D8BD,
Chloroflexota,MAG_221,127,MAG_221,Chloroflexota,0.13189,M1,Dehalococcoidia,Tepidiformales,Tepidiformaceae,JACRBT01,Unassign,RS sig,RS,Y,#FDDAEC,
Actinobacteriota,MAG_222,128,MAG_222,Actinobacteriota,0.075288,M2,Acidimicrobiia,Acidimicrobiales,WLNW01,Unassign,Unassign,RS sig,RS,Y,#E5D8BD,
Acidobacteriota,MAG_226,129,MAG_226,Acidobacteriota,0.080744,M1,Acidobacteriae,20CM-2-55-15,20CM-2-55-15,DSPE01,Unassign,RS sig,RS,Y,#FDCDAC,
Planctomycetota,MAG_227,130,MAG_227,Planctomycetota,0.065865,M2,Phycisphaerae,Phycisphaerales,SM1A02,Unassign,Unassign,RS sig,RS,Y,#FFF2AE,
Planctomycetota,MAG_228,131,MAG_228,Planctomycetota,0.160374,M1,Planctomycetia,Pirellulales,Pirellulaceae,SXOA01,Unassign,RS sig,RS,Y,#FFF2AE,
Desulfobacterota_B,MAG_229,132,MAG_229,Desulfobacterota_B,0.046619,M2,Binatia,UBA9968,UBA9968,DP-20,Unassign,RS sig,RS,Y,#B3E2CD,
Chloroflexota,MAG_230,133,MAG_230,Chloroflexota,0.044144,M2,Chloroflexia,Thermomicrobiales,Unassign,Unassign,Unassign,RS sig,RS,Y,#FDDAEC,
Acidobacteriota,MAG_231,134,MAG_231,Acidobacteriota,0.02345,M2,Acidobacteriae,Acidobacteriales,Unassign,Unassign,Unassign,RS sig,RS,Y,#FDCDAC,
Acidobacteriota,MAG_233,135,MAG_233,Acidobacteriota,0.110452,M2,Blastocatellia,Pyrinomonadales,Pyrinomonadaceae,OLB17,Unassign,RS sig,RS,Y,#FDCDAC,
Planctomycetota,MAG_234,136,MAG_234,Planctomycetota,0.10149,M1,Planctomycetia,Gemmatales,Gemmataceae,SIAJ01,Unassign,RS sig,RS,Y,#FFF2AE,
Acidobacteriota,MAG_235,137,MAG_235,Acidobacteriota,0.03261,M2,Unassign,Unassign,Unassign,Unassign,Unassign,RS sig,RS,Y,#FDCDAC,
Tectomicrobia,MAG_236,138,MAG_236,Tectomicrobia,0.019642,M8,Entotheonellia,Entotheonellales,Entotheonellaceae,Unassign,Unassign,RS sig,RS,Y,#F1E2CC,
Bacteroidota,MAG_237,139,MAG_237,Bacteroidota,0.083212,M2,Bacteroidia,Chitinophagales,Chitinophagaceae,Flavisolibacter,Unassign,RS sig,RS,Y,#B3CDE3,
Chloroflexota,MAG_238,140,MAG_238,Chloroflexota,0.291917,M1,Dehalococcoidia,DSGV01,DSGV01,Unassign,Unassign,RS sig,RS,Y,#FDDAEC,
Chloroflexota,MAG_240,141,MAG_240,Chloroflexota,0.090193,M1,Chloroflexia,Thermomicrobiales,UBA6265,JACCYX01,Unassign,RS sig,RS,Y,#FDDAEC,
Chloroflexota,MAG_241,142,MAG_241,Chloroflexota,0.135184,M1,UBA6077,UBA6077,CF-72,Unassign,Unassign,RS sig,RS,Y,#FDDAEC,
Actinobacteriota,MAG_242,143,MAG_242,Actinobacteriota,0.079493,M1,Acidimicrobiia,Acidimicrobiales,Ilumatobacteraceae,Unassign,Unassign,RS sig,RS,Y,#E5D8BD,
Verrucomicrobiota,MAG_246,144,MAG_246,Verrucomicrobiota,0.060589,M2,Verrucomicrobiae,Chthoniobacterales,Chthoniobacteraceae,Unassign,Unassign,RS sig,RS,Y,#CCEBC5,
Actinobacteriota,MAG_247,145,MAG_247,Actinobacteriota,0.210811,M5,UBA4738,CADDZG01,WHSQ01,MB1-2,Unassign,RS sig,RS,Y,#E5D8BD,
Bacteroidota,MAG_248,146,MAG_248,Bacteroidota,0.173742,M1,Bacteroidia,Chitinophagales,Chitinophagaceae,VBAS01,Unassign,RS sig,RS,Y,#B3CDE3,
Proteobacteria,MAG_249,147,MAG_249,Proteobacteria,0.194146,M2,Gammaproteobacteria,Burkholderiales,Casimicrobiaceae,VBCG01,Unassign,RS sig,RS,Y,#FBB4AE,
Acidobacteriota,MAG_250,148,MAG_250,Acidobacteriota,0.106899,M2,Vicinamibacteria,Vicinamibacterales,UBA2999,JAENWD01,Unassign,RS sig,RS,Y,#FDCDAC,
Proteobacteria,MAG_251,149,MAG_251,Proteobacteria,0.093601,M1,Gammaproteobacteria,Burkholderiales,SG8-41,DSOT01,Unassign,RS sig,RS,Y,#FBB4AE,
Chloroflexota,MAG_253,150,MAG_253,Chloroflexota,0.042934,M1,Limnocylindria,QHBO01,QHBO01,Unassign,Unassign,RS sig,RS,Y,#FDDAEC,
Bacteroidota,MAG_254,151,MAG_254,Bacteroidota,0.219362,M2,Bacteroidia,Chitinophagales,Chitinophagaceae,Flavitalea,Unassign,RS sig,RS,Y,#B3CDE3,
Proteobacteria,MAG_255,152,MAG_255,Proteobacteria,0.011002,M27,Gammaproteobacteria,Pseudomonadales,Moraxellaceae,Acinetobacter,Acinetobacter pittii,RP sig,RP,Y,#FBB4AE,
Armatimonadota,MAG_256,153,MAG_256,Armatimonadota,0.066324,M2,Chthonomonadetes,Chthonomonadales,CAJBBX01,Unassign,Unassign,RS sig,RS,Y,#CCCCCC,
Actinobacteriota,MAG_257,154,MAG_257,Actinobacteriota,0.11053,M1,Thermoleophilia,Solirubrobacterales,Solirubrobacteraceae,AC-38,Unassign,RS sig,RS,Y,#E5D8BD,
Thermoproteota,MAG_258,155,MAG_258,Thermoproteota,0.039625,M2,Nitrososphaeria,Nitrososphaerales,Nitrososphaeraceae,Nitrosocosmicus,Unassign,RS sig,RS,Y,#FFFFCC,
Actinobacteriota,MAG_260,156,MAG_260,Actinobacteriota,0.075137,M1,UBA4738,UBA4738,HRBIN12,DSRY01,Unassign,RS sig,RS,Y,#E5D8BD,
Proteobacteria,MAG_263,157,MAG_263,Proteobacteria,0.015463,M10,Gammaproteobacteria,Xanthomonadales,Xanthomonadaceae,Pseudoxanthomonas_A,Unassign,RP sig,RP,Y,#FBB4AE,
Chloroflexota,MAG_268,158,MAG_268,Chloroflexota,0.079053,M1,UBA2235,UBA12225,UBA12225,Unassign,Unassign,RS sig,RS,Y,#FDDAEC,
Chloroflexota,MAG_270,159,MAG_270,Chloroflexota,0.088738,M2,Anaerolineae,Aggregatilineales,J027,JAAUUD01,Unassign,RS sig,RS,Y,#FDDAEC,
Patescibacteria,MAG_271,160,MAG_271,Patescibacteria,0.348517,M3,Saccharimonadia,Saccharimonadales,UBA1547,Unassign,Unassign,RP sig,RP,Y,#F2F2F2,
Proteobacteria,MAG_272,161,MAG_272,Proteobacteria,0.359186,M18,Gammaproteobacteria,Burkholderiales,Burkholderiaceae,Pseudorivibacter,Pseudorivibacter rhizosphaerae,RP sig,RP,Y,#FBB4AE,
Firmicutes,MAG_273,162,MAG_273,Firmicutes,0.230276,M4,Bacilli,Paenibacillales,Paenibacillaceae,Paenibacillus,Paenibacillus sp001860525,RP,RP,N,#DECBE4,
Firmicutes,MAG_274,163,MAG_274,Firmicutes,0.061575,M4,Bacilli,Bacillales_D,Amphibacillaceae,Terribacillus,Terribacillus saccharophilus,RP sig,RP,Y,#DECBE4,
Chloroflexota,MAG_275,164,MAG_275,Chloroflexota,1.736697,M1,UBA6077,UBA6077,CF-72,Unassign,Unassign,RS sig,RS,Y,#FDDAEC,
Patescibacteria,MAG_276,165,MAG_276,Patescibacteria,0.801613,M2,Saccharimonadia,Saccharimonadales,UBA1547,Unassign,Unassign,RP sig,RP,Y,#F2F2F2,
Actinobacteriota,MAG_277,166,MAG_277,Actinobacteriota,0.08824,M1,Thermoleophilia,Solirubrobacterales,Solirubrobacteraceae,AC-38,Unassign,RS sig,RS,Y,#E5D8BD,
Acidobacteriota,MAG_278,167,MAG_278,Acidobacteriota,0.65665,M2,Vicinamibacteria,Vicinamibacterales,2-12-FULL-66-21,JACDCA01,Unassign,RS sig,RS,Y,#FDCDAC,
Nitrospirota,MAG_280,168,MAG_280,Nitrospirota,0.532432,M2,Nitrospiria,Nitrospirales,Nitrospiraceae,Nitrospira_C,Unassign,RS sig,RS,Y,#F4CAE4,
Acidobacteriota,MAG_282,169,MAG_282,Acidobacteriota,0.160275,M2,Blastocatellia,Pyrinomonadales,Pyrinomonadaceae,OLB17,Unassign,RS sig,RS,Y,#FDCDAC,
Acidobacteriota,MAG_283,170,MAG_283,Acidobacteriota,0.210074,M2,Blastocatellia,Pyrinomonadales,Pyrinomonadaceae,Unassign,Unassign,RS sig,RS,Y,#FDCDAC,
Proteobacteria,MAG_284,171,MAG_284,Proteobacteria,0.081037,M3,Alphaproteobacteria,Sphingomonadales,Sphingomonadaceae,Unassign,Unassign,RP sig,RP,Y,#FBB4AE,
Thermoproteota,MAG_285,172,MAG_285,Thermoproteota,0.155126,M2,Nitrososphaeria,Nitrososphaerales,Nitrososphaeraceae,Nitrososphaera,Unassign,RS sig,RS,Y,#FFFFCC,
Actinobacteriota,MAG_286,173,MAG_286,Actinobacteriota,0.140252,M5,Rubrobacteria,Rubrobacterales,Rubrobacteraceae,SCSIO-52915,Unassign,RS sig,RS,Y,#E5D8BD,
Gemmatimonadota,MAG_287,174,MAG_287,Gemmatimonadota,0.128447,M2,Gemmatimonadetes,Gemmatimonadales,Gemmatimonadaceae,AG2,Unassign,RS sig,RS,Y,#E6F5C9,
Chloroflexota,MAG_288,175,MAG_288,Chloroflexota,0.334669,M1,Chloroflexia,Thermomicrobiales,UBA6265,Unassign,Unassign,RS sig,RS,Y,#FDDAEC,
Thermoproteota,MAG_289,176,MAG_289,Thermoproteota,0.142595,M2,Nitrososphaeria,Nitrososphaerales,Nitrososphaeraceae,TA-21,TA-21 sp014381105,RS sig,RS,Y,#FFFFCC,
Acidobacteriota,MAG_290,177,MAG_290,Acidobacteriota,0.181419,M2,Blastocatellia,Pyrinomonadales,Pyrinomonadaceae,Unassign,Unassign,RS sig,RS,Y,#FDCDAC,
Planctomycetota,MAG_291,178,MAG_291,Planctomycetota,0.444829,M1,Planctomycetia,Gemmatales,Gemmataceae,Unassign,Unassign,RS sig,RS,Y,#FFF2AE,
Firmicutes,MAG_292,179,MAG_292,Firmicutes,0.115949,M4,Bacilli,Bacillales_G,Fictibacillaceae,Fictibacillus,Fictibacillus barbaricus,RP sig,RP,Y,#DECBE4,
Actinobacteriota,MAG_293,180,MAG_293,Actinobacteriota,0.162556,M5,Rubrobacteria,Rubrobacterales,Rubrobacteraceae,SCSIO-52915,Unassign,RS sig,RS,Y,#E5D8BD,
Firmicutes,MAG_294,181,MAG_294,Firmicutes,0.19701,M4,Bacilli,Bacillales_D,Amphibacillaceae,Terribacillus,Terribacillus saccharophilus,RP sig,RP,Y,#DECBE4,
Actinobacteriota,MAG_295,182,MAG_295,Actinobacteriota,0.101295,M1,Acidimicrobiia,Acidimicrobiales,Unassign,Unassign,Unassign,RS sig,RS,Y,#E5D8BD,
Gemmatimonadota,MAG_296,183,MAG_296,Gemmatimonadota,0.107316,M2,Gemmatimonadetes,Gemmatimonadales,Gemmatimonadaceae,Unassign,Unassign,RS sig,RS,Y,#E6F5C9,
Gemmatimonadota,MAG_297,184,MAG_297,Gemmatimonadota,0.372111,M2,Gemmatimonadetes,Gemmatimonadales,Gemmatimonadaceae,Unassign,Unassign,RS sig,RS,Y,#E6F5C9,
Proteobacteria,MAG_298,185,MAG_298,Proteobacteria,0.541806,M6,Alphaproteobacteria,Rhizobiales,Rhizobiaceae,Sinorhizobium,Sinorhizobium meliloti_A,RP sig,RP,Y,#FBB4AE,
Acidobacteriota,MAG_299,186,MAG_299,Acidobacteriota,0.113521,M2,Blastocatellia,UBA7656,UBA7656,JADGNW01,Unassign,RS sig,RS,Y,#FDCDAC,
Acidobacteriota,MAG_300,187,MAG_300,Acidobacteriota,0.302167,M2,Blastocatellia,Pyrinomonadales,Pyrinomonadaceae,Unassign,Unassign,RS sig,RS,Y,#FDCDAC,
Proteobacteria,MAG_301,188,MAG_301,Proteobacteria,0.143629,M1,Gammaproteobacteria,Burkholderiales,SG8-41,DSOT01,Unassign,RS sig,RS,Y,#FBB4AE,
Gemmatimonadota,MAG_302,189,MAG_302,Gemmatimonadota,0.298664,M2,Gemmatimonadetes,Gemmatimonadales,Gemmatimonadaceae,Unassign,Unassign,RS sig,RS,Y,#E6F5C9,
Acidobacteriota,MAG_303,190,MAG_303,Acidobacteriota,0.261729,M2,Blastocatellia,Pyrinomonadales,Pyrinomonadaceae,Unassign,Unassign,RS sig,RS,Y,#FDCDAC,
Actinobacteriota,MAG_304,191,MAG_304,Actinobacteriota,0.240576,M1,Thermoleophilia,Gaiellales,Gaiellaceae,JACDAN01,Unassign,RS sig,RS,Y,#E5D8BD,
Acidobacteriota,MAG_305,192,MAG_305,Acidobacteriota,0.767352,M2,Vicinamibacteria,Vicinamibacterales,UBA2999,12-FULL-67-14b,Unassign,RS sig,RS,Y,#FDCDAC,
Proteobacteria,MAG_306,193,MAG_306,Proteobacteria,0.404501,M18,Gammaproteobacteria,Burkholderiales,Burkholderiaceae,Pseudorivibacter,Pseudorivibacter rhizosphaerae,RP sig,RP,Y,#FBB4AE,
Acidobacteriota,MAG_307,194,MAG_307,Acidobacteriota,0.213269,M2,Blastocatellia,Pyrinomonadales,Pyrinomonadaceae,OLB17,Unassign,RS sig,RS,Y,#FDCDAC,
Desulfobacterota_B,MAG_308,195,MAG_308,Desulfobacterota_B,0.492442,M2,Binatia,UBA9968,UBA9968,WHTF01,Unassign,RS sig,RS,Y,#B3E2CD,
Planctomycetota,MAG_309,196,MAG_309,Planctomycetota,0.453985,M1,Planctomycetia,Gemmatales,Gemmataceae,Unassign,Unassign,RS sig,RS,Y,#FFF2AE,
Acidobacteriota,MAG_310,197,MAG_310,Acidobacteriota,0.276524,M2,Blastocatellia,Pyrinomonadales,Pyrinomonadaceae,Unassign,Unassign,RS sig,RS,Y,#FDCDAC,
Actinobacteriota,MAG_311,198,MAG_311,Actinobacteriota,0.318097,M5,Rubrobacteria,Rubrobacterales,Rubrobacteraceae,Unassign,Unassign,RS sig,RS,Y,#E5D8BD,
Acidobacteriota,MAG_312,199,MAG_312,Acidobacteriota,0.260148,M2,Blastocatellia,Pyrinomonadales,Pyrinomonadaceae,OLB17,Unassign,RS sig,RS,Y,#FDCDAC,
Thermoproteota,MAG_313,200,MAG_313,Thermoproteota,0.158215,M2,Nitrososphaeria,Nitrososphaerales,Nitrososphaeraceae,Nitrososphaera,Unassign,RS sig,RS,Y,#FFFFCC,
Chloroflexota,MAG_314,201,MAG_314,Chloroflexota,0.217774,M1,Chloroflexia,Thermomicrobiales,UBA6265,Unassign,Unassign,RS sig,RS,Y,#FDDAEC,
Acidobacteriota,MAG_315,202,MAG_315,Acidobacteriota,0.227676,M2,Blastocatellia,Pyrinomonadales,Pyrinomonadaceae,Unassign,Unassign,RS sig,RS,Y,#FDCDAC,
Actinobacteriota,MAG_316,203,MAG_316,Actinobacteriota,0.152347,M5,Rubrobacteria,Rubrobacterales,Rubrobacteraceae,SCSIO-52915,Unassign,RS sig,RS,Y,#E5D8BD,
Verrucomicrobiota,MAG_317,204,MAG_317,Verrucomicrobiota,0.146516,M12,Verrucomicrobiae,Verrucomicrobiales,Akkermansiaceae,Luteolibacter,Unassign,RS sig,RS,Y,#CCEBC5,
Firmicutes,MAG_318,205,MAG_318,Firmicutes,0.951956,M4,Bacilli,Bacillales,Bacillaceae,Bacillus,Bacillus safensis,RP sig,RP,Y,#DECBE4,
Actinobacteriota,MAG_319,206,MAG_319,Actinobacteriota,0.390161,M1,Acidimicrobiia,IMCC26256,Unassign,Unassign,Unassign,RS sig,RS,Y,#E5D8BD,
Proteobacteria,MAG_320,207,MAG_320,Proteobacteria,0.076777,M1,Gammaproteobacteria,Burkholderiales,SG8-39,JAABQT01,Unassign,RS sig,RS,Y,#FBB4AE,
Actinobacteriota,MAG_321,208,MAG_321,Actinobacteriota,0.042359,M1,UBA4738,UBA4738,HRBIN12,AC-51,Unassign,RS sig,RS,Y,#E5D8BD,
Thermoproteota,MAG_322,209,MAG_322,Thermoproteota,0.057533,M2,Nitrososphaeria,Nitrososphaerales,Nitrososphaeraceae,Nitrosocosmicus,Unassign,RS sig,RS,Y,#FFFFCC,
Actinobacteriota,MAG_324,210,MAG_324,Actinobacteriota,0.042054,M8,Actinomycetia,Propionibacteriales,Propionibacteriaceae,Unassign,Unassign,RS sig,RS,Y,#E5D8BD,
Armatimonadota,MAG_327,211,MAG_327,Armatimonadota,0.194458,M2,SYMT01,SYMT01,SYMT01,Unassign,Unassign,RS sig,RS,Y,#CCCCCC,
Methylomirabilota,MAG_328,212,MAG_328,Methylomirabilota,0.11078,M1,Methylomirabilia,Rokubacteriales,JACPHL01,Unassign,Unassign,RS sig,RS,Y,#CBD5E8,
Verrucomicrobiota,MAG_329,213,MAG_329,Verrucomicrobiota,0.065803,M1,Verrucomicrobiae,Pedosphaerales,UBA8199,PSRM01,Unassign,RS sig,RS,Y,#CCEBC5,
Desulfobacterota_B,MAG_330,214,MAG_330,Desulfobacterota_B,0.036906,M2,Binatia,UBA1149,UBA1149,Unassign,Unassign,RS sig,RS,Y,#B3E2CD,
Thermoproteota,MAG_331,215,MAG_331,Thermoproteota,0.004173,M8,Nitrososphaeria,Nitrososphaerales,Nitrososphaeraceae,Nitrososphaera,Unassign,RS sig,RS,Y,#FFFFCC,
Gemmatimonadota,MAG_332,216,MAG_332,Gemmatimonadota,0.096503,M1,Gemmatimonadetes,Gemmatimonadales,Gemmatimonadaceae,JACDCY01,Unassign,RS sig,RS,Y,#E6F5C9,
Methylomirabilota,MAG_334,217,MAG_334,Methylomirabilota,0.162546,M1,Methylomirabilia,Rokubacteriales,CSP1-6,40CM-4-69-5,Unassign,RS sig,RS,Y,#CBD5E8,
Actinobacteriota,MAG_336,218,MAG_336,Actinobacteriota,0.102878,M1,Thermoleophilia,Solirubrobacterales,Sep-70,VGBV01,Unassign,RS sig,RS,Y,#E5D8BD,
UBA10199,MAG_337,219,MAG_337,UBA10199,0.013259,M1,UBA10199,DSSB01,DSSB01,DSSB01,Unassign,RS sig,RS,Y,#8DD3C7,
Chloroflexota,MAG_338,220,MAG_338,Chloroflexota,0.007743,M2,Chloroflexia,Thermomicrobiales,UBA6265,Unassign,Unassign,RS sig,RS,Y,#FDDAEC,
Planctomycetota,MAG_339,221,MAG_339,Planctomycetota,0.111606,M1,B15-G4,B15-G4,B15-G4,Unassign,Unassign,RS sig,RS,Y,#FFF2AE,
Actinobacteriota,MAG_340,222,MAG_340,Actinobacteriota,0.034183,M2,UBA4738,CADDZG01,WHSQ01,JACDAL01,Unassign,RS sig,RS,Y,#E5D8BD,
Acidobacteriota,MAG_341,223,MAG_341,Acidobacteriota,0.061681,M1,Mor1,JACPZX01,Unassign,Unassign,Unassign,RS sig,RS,Y,#FDCDAC,
Chloroflexota,MAG_342,224,MAG_342,Chloroflexota,0.084175,M2,Chloroflexia,54-19,JADMIH01,Unassign,Unassign,RS sig,RS,Y,#FDDAEC,
Chloroflexota,MAG_343,225,MAG_343,Chloroflexota,0.044155,M1,Anaerolineae,Anaerolineales,EnvOPS12,UBA12294,Unassign,RS sig,RS,Y,#FDDAEC,
Acidobacteriota,MAG_344,226,MAG_344,Acidobacteriota,0.163052,M2,Thermoanaerobaculia,Gp7-AA8,Gp7-AA8,QHVT01,Unassign,RS sig,RS,Y,#FDCDAC,
Acidobacteriota,MAG_346,227,MAG_346,Acidobacteriota,0.05472,M2,Blastocatellia,DSOJ01,DSOJ01,Unassign,Unassign,RS sig,RS,Y,#FDCDAC,
Gemmatimonadota,MAG_347,228,MAG_347,Gemmatimonadota,0.095033,M2,Gemmatimonadetes,Gemmatimonadales,GWC2-71-9,Unassign,Unassign,RS sig,RS,Y,#E6F5C9,
Proteobacteria,MAG_348,229,MAG_348,Proteobacteria,0.035153,M8,Gammaproteobacteria,Burkholderiales,JACMKV01,Unassign,Unassign,RS sig,RS,Y,#FBB4AE,
Proteobacteria,MAG_349,230,MAG_349,Proteobacteria,0.235873,M18,Gammaproteobacteria,Burkholderiales,Burkholderiaceae,Pseudorivibacter,Pseudorivibacter rhizosphaerae,RP sig,RP,Y,#FBB4AE,
Thermoproteota,MAG_350,231,MAG_350,Thermoproteota,0.055017,M2,Nitrososphaeria,Nitrososphaerales,Nitrososphaeraceae,TA-21,Unassign,RS sig,RS,Y,#FFFFCC,
Myxococcota,MAG_351,232,MAG_351,Myxococcota,0.060402,M1,WYAZ01,WYAZ01,WYAZ01,Unassign,Unassign,RS sig,RS,Y,#FED9A6,
Actinobacteriota,MAG_352,233,MAG_352,Actinobacteriota,0.020408,M1,Acidimicrobiia,UBA5794,ZC4RG35,JACCTH01,Unassign,RS sig,RS,Y,#E5D8BD,
Gemmatimonadota,MAG_353,234,MAG_353,Gemmatimonadota,0.054893,M1,Gemmatimonadetes,Gemmatimonadales,Gemmatimonadaceae,AG2,Unassign,RS sig,RS,Y,#E6F5C9,
Gemmatimonadota,MAG_354,235,MAG_354,Gemmatimonadota,0.030052,M1,Gemmatimonadetes,Gemmatimonadales,GWC2-71-9,SZUA-320,Unassign,RS sig,RS,Y,#E6F5C9,
Gemmatimonadota,MAG_355,236,MAG_355,Gemmatimonadota,0.02169,M1,Gemmatimonadetes,Longimicrobiales,UBA6960,JAAXGI01,Unassign,RS sig,RS,Y,#E6F5C9,
Bacteroidota,MAG_356,237,MAG_356,Bacteroidota,0.111394,M2,Bacteroidia,Chitinophagales,Chitinophagaceae,Flavitalea,Unassign,RS sig,RS,Y,#B3CDE3,
Acidobacteriota,MAG_357,238,MAG_357,Acidobacteriota,0.020887,M2,Thermoanaerobaculia,Gp7-AA8,Gp7-AA8,Unassign,Unassign,RS sig,RS,Y,#FDCDAC,
Actinobacteriota,MAG_358,239,MAG_358,Actinobacteriota,0.038299,M1,Acidimicrobiia,Acidimicrobiales,Unassign,Unassign,Unassign,RS sig,RS,Y,#E5D8BD,
Gemmatimonadota,MAG_359,240,MAG_359,Gemmatimonadota,0.091417,M2,Gemmatimonadetes,Longimicrobiales,UBA6960,Unassign,Unassign,RS sig,RS,Y,#E6F5C9,
Verrucomicrobiota,MAG_360,241,MAG_360,Verrucomicrobiota,0.225884,M2,Verrucomicrobiae,Pedosphaerales,SIBH01,Unassign,Unassign,RS sig,RS,Y,#CCEBC5,
Methylomirabilota,MAG_361,242,MAG_361,Methylomirabilota,0.322289,M1,Methylomirabilia,Rokubacteriales,CSP1-6,Unassign,Unassign,RS sig,RS,Y,#CBD5E8,
Bacteroidota,MAG_362,243,MAG_362,Bacteroidota,0.066854,M1,Bacteroidia,Chitinophagales,Saprospiraceae,JADKGY01,Unassign,RS sig,RS,Y,#B3CDE3,
Acidobacteriota,MAG_363,244,MAG_363,Acidobacteriota,0.42887,M2,Blastocatellia,Pyrinomonadales,Pyrinomonadaceae,PSRF01,Unassign,RS sig,RS,Y,#FDCDAC,
Proteobacteria,MAG_364,245,MAG_364,Proteobacteria,0.214054,M2,Gammaproteobacteria,Burkholderiales,Casimicrobiaceae,VBCG01,Unassign,RS sig,RS,Y,#FBB4AE,
Acidobacteriota,MAG_365,246,MAG_365,Acidobacteriota,0.080966,M1,Acidobacteriae,Bryobacterales,Bryobacteraceae,JAFLBB01,Unassign,RS sig,RS,Y,#FDCDAC,
Planctomycetota,MAG_366,247,MAG_366,Planctomycetota,0.033599,M1,Phycisphaerae,Phycisphaerales,SM1A02,Unassign,Unassign,RS sig,RS,Y,#FFF2AE,
Actinobacteriota,MAG_367,248,MAG_367,Actinobacteriota,0.210992,M1,Thermoleophilia,Solirubrobacterales,Solirubrobacteraceae,AC-38,Unassign,RS sig,RS,Y,#E5D8BD,
Actinobacteriota,MAG_368,249,MAG_368,Actinobacteriota,0.312315,M1,Thermoleophilia,Gaiellales,Gaiellaceae,Gaiella,Unassign,RS sig,RS,Y,#E5D8BD,
Chloroflexota,MAG_369,250,MAG_369,Chloroflexota,0.147431,M1,Limnocylindria,QHBO01,QHBO01,JACDBZ01,Unassign,RS sig,RS,Y,#FDDAEC,
Acidobacteriota,MAG_370,251,MAG_370,Acidobacteriota,1.0069,M2,Blastocatellia,Pyrinomonadales,Pyrinomonadaceae,PSRF01,Unassign,RS sig,RS,Y,#FDCDAC,
Gemmatimonadota,MAG_371,252,MAG_371,Gemmatimonadota,0.071673,M2,Gemmatimonadetes,Gemmatimonadales,Gemmatimonadaceae,AG2,Unassign,RS sig,RS,Y,#E6F5C9,
Planctomycetota,MAG_372,253,MAG_372,Planctomycetota,0.642514,M2,Phycisphaerae,Tepidisphaerales,Tepidisphaeraceae,Humisphaera,Unassign,RS sig,RS,Y,#FFF2AE,
Acidobacteriota,MAG_373,254,MAG_373,Acidobacteriota,0.190001,M2,Blastocatellia,Pyrinomonadales,Pyrinomonadaceae,Unassign,Unassign,RS sig,RS,Y,#FDCDAC,
Acidobacteriota,MAG_374,255,MAG_374,Acidobacteriota,0.45006,M2,Vicinamibacteria,Vicinamibacterales,UBA2999,12-FULL-67-14b,Unassign,RS sig,RS,Y,#FDCDAC,MAG_374
Actinobacteriota,MAG_375,256,MAG_375,Actinobacteriota,0.240601,M1,Thermoleophilia,Solirubrobacterales,Solirubrobacteraceae,AC-38,Unassign,RS sig,RS,Y,#E5D8BD,
Actinobacteriota,MAG_376,257,MAG_376,Actinobacteriota,0.22169,M5,Rubrobacteria,Rubrobacterales,Rubrobacteraceae,SCSIO-52915,Unassign,RS sig,RS,Y,#E5D8BD,
Actinobacteriota,MAG_377,258,MAG_377,Actinobacteriota,0.13074,M5,UBA4738,CADDZG01,WHSQ01,Unassign,Unassign,RS sig,RS,Y,#E5D8BD,
Acidobacteriota,MAG_378,259,MAG_378,Acidobacteriota,0.185212,M2,Blastocatellia,Pyrinomonadales,Pyrinomonadaceae,OLB17,Unassign,RS sig,RS,Y,#FDCDAC,
Chloroflexota,MAG_379,260,MAG_379,Chloroflexota,0.401977,M2,Chloroflexia,Thermomicrobiales,UBA6265,JACCXM01,Unassign,RS sig,RS,Y,#FDDAEC,
Patescibacteria,MAG_380,261,MAG_380,Patescibacteria,0.036593,M24,Saccharimonadia,Saccharimonadales,EFPC-124,Unassign,Unassign,RP sig,RP,Y,#F2F2F2,
Actinobacteriota,MAG_381,262,MAG_381,Actinobacteriota,0.019804,M2,UBA4738,CADDZG01,WHSQ01,JACDAL01,Unassign,RS sig,RS,Y,#E5D8BD,
Actinobacteriota,MAG_382,263,MAG_382,Actinobacteriota,0.043488,M1,UBA4738,UBA4738,HRBIN12,DSRY01,Unassign,RS sig,RS,Y,#E5D8BD,
Myxococcota_A,MAG_383,264,MAG_383,Myxococcota_A,0.099896,M1,UBA9160,UBA9160,SMWR01,Unassign,Unassign,RS sig,RS,Y,#FFFFB3,
Gemmatimonadota,MAG_384,265,MAG_384,Gemmatimonadota,0.068136,M2,Gemmatimonadetes,Gemmatimonadales,GWC2-71-9,Unassign,Unassign,RS sig,RS,Y,#E6F5C9,
Proteobacteria,MAG_385,266,MAG_385,Proteobacteria,0.353847,M1,Gammaproteobacteria,Burkholderiales,SG8-39,JAABQT01,Unassign,RS sig,RS,Y,#FBB4AE,
Myxococcota_A,MAG_386,267,MAG_386,Myxococcota_A,0.053419,M1,UBA796,UBA796,UBA2385,Unassign,Unassign,RS sig,RS,Y,#FFFFB3,
Actinobacteriota,MAG_387,268,MAG_387,Actinobacteriota,0.13703,M1,UBA4738,UBA4738,HRBIN12,DSRY01,Unassign,RS sig,RS,Y,#E5D8BD,
Acidobacteriota,MAG_388,269,MAG_388,Acidobacteriota,0.287005,M2,Blastocatellia,Pyrinomonadales,Pyrinomonadaceae,PSRF01,Unassign,RS sig,RS,Y,#FDCDAC,
Planctomycetota,MAG_390,270,MAG_390,Planctomycetota,0.119113,M1,UBA1135,UBA2386,UBA2386,Unassign,Unassign,RS sig,RS,Y,#FFF2AE,
Verrucomicrobiota,MAG_391,271,MAG_391,Verrucomicrobiota,0.026371,M1,Verrucomicrobiae,Pedosphaerales,UBA8199,PSRM01,Unassign,RS sig,RS,Y,#CCEBC5,
Actinobacteriota,MAG_393,272,MAG_393,Actinobacteriota,0.045166,M1,Thermoleophilia,Solirubrobacterales,Solirubrobacteraceae,AC-38,Unassign,RS sig,RS,Y,#E5D8BD,
Planctomycetota,MAG_394,273,MAG_394,Planctomycetota,0.166576,M2,Phycisphaerae,Phycisphaerae,SM1A02,CAADGA01,Unassign,RS sig,RS,Y,#FFF2AE,
Planctomycetota,MAG_395,274,MAG_395,Planctomycetota,0.015955,M1,Phycisphaerae,Phycisphaerales,SM1A02,CAADGA01,Unassign,RS sig,RS,Y,#FFF2AE,
Acidobacteriota,MAG_396,275,MAG_396,Acidobacteriota,0.140944,M2,Blastocatellia,UBA7656,UBA7656,JADGNW01,Unassign,RS sig,RS,Y,#FDCDAC,
Proteobacteria,MAG_397,276,MAG_397,Proteobacteria,0.05065,M2,Gammaproteobacteria,Burkholderiales,SG8-41,Unassign,Unassign,RS sig,RS,Y,#FBB4AE,
Chloroflexota,MAG_398,277,MAG_398,Chloroflexota,0.021005,M2,Chloroflexia,Thermomicrobiales,UBA6265,Unassign,Unassign,RS sig,RS,Y,#FDDAEC,
Planctomycetota,MAG_399,278,MAG_399,Planctomycetota,0.054739,M2,Planctomycetia,Gemmatales,Gemmataceae,Unassign,Unassign,RS sig,RS,Y,#FFF2AE,
Actinobacteriota,MAG_400,279,MAG_400,Actinobacteriota,0.03547,M1,Thermoleophilia,Solirubrobacterales,Sep-70,VGBV01,Unassign,RS sig,RS,Y,#E5D8BD,
Actinobacteriota,MAG_401,280,MAG_401,Actinobacteriota,0.020381,M1,Acidimicrobiia,IMCC26256,JACPCJ01,Unassign,Unassign,RS sig,RS,Y,#E5D8BD,
Acidobacteriota,MAG_402,281,MAG_402,Acidobacteriota,0.018382,M2,Acidobacteriae,Bryobacterales,Bryobacteraceae,Unassign,Unassign,RS sig,RS,Y,#FDCDAC,
Methylomirabilota,MAG_403,282,MAG_403,Methylomirabilota,0.041683,M1,Methylomirabilia,Rokubacteriales,CSP1-6,Unassign,Unassign,RS sig,RS,Y,#CBD5E8,
Verrucomicrobiota,MAG_404,283,MAG_404,Verrucomicrobiota,0.081705,M1,Verrucomicrobiae,Pedosphaerales,UBA11320,Unassign,Unassign,RS sig,RS,Y,#CCEBC5,
Acidobacteriota,MAG_405,284,MAG_405,Acidobacteriota,0.03534,M2,Vicinamibacteria,Vicinamibacterales,UBA2999,Unassign,Unassign,RS sig,RS,Y,#FDCDAC,
Actinobacteriota,MAG_406,285,MAG_406,Actinobacteriota,0.056566,M1,UBA4738,UBA4738,HRBIN12,AC-51,Unassign,RS sig,RS,Y,#E5D8BD,
Actinobacteriota,MAG_409,286,MAG_409,Actinobacteriota,0.005205,M5,UBA4738,CADDZG01,WHSQ01,Unassign,Unassign,RS sig,RS,Y,#E5D8BD,
Krumholzibacteriota,MAG_410,287,MAG_410,Krumholzibacteriota,0.027224,M1,Krumholzibacteria,WVZY01,Unassign,Unassign,Unassign,RS sig,RS,Y,#BEBADA,
Gemmatimonadota,MAG_412,288,MAG_412,Gemmatimonadota,0.045195,M2,Gemmatimonadetes,Gemmatimonadales,GWC2-71-9,Unassign,Unassign,RS sig,RS,Y,#E6F5C9,
Acidobacteriota,MAG_413,289,MAG_413,Acidobacteriota,0.044387,M1,Vicinamibacteria,Fen-336,Fen-336,AA29,Unassign,RS sig,RS,Y,#FDCDAC,
Bacteroidota,MAG_414,290,MAG_414,Bacteroidota,0.028556,M1,Bacteroidia,Chitinophagales,Chitinophagaceae,VBAS01,Unassign,RS sig,RS,Y,#B3CDE3,
Verrucomicrobiota,MAG_416,291,MAG_416,Verrucomicrobiota,0.012934,M2,Verrucomicrobiae,Chthoniobacterales,Chthoniobacteraceae,Unassign,Unassign,RS sig,RS,Y,#CCEBC5,
Nitrospirota,MAG_417,292,MAG_417,Nitrospirota,0.006714,M2,Nitrospiria,Nitrospirales,Nitrospiraceae,Unassign,Unassign,RS sig,RS,Y,#F4CAE4,
Proteobacteria,MAG_418,293,MAG_418,Proteobacteria,0.160057,M2,Gammaproteobacteria,Burkholderiales,Usitatibacteraceae,Usitatibacter,Unassign,RS sig,RS,Y,#FBB4AE,
Thermoproteota,MAG_419,294,MAG_419,Thermoproteota,0.026596,M2,Nitrososphaeria,Nitrososphaerales,Nitrososphaeraceae,Nitrosocosmicus,Unassign,RS sig,RS,Y,#FFFFCC,
Proteobacteria,MAG_420,295,MAG_420,Proteobacteria,0.069488,M26,Gammaproteobacteria,Steroidobacterales,Steroidobacteraceae,JAAYXG01,Unassign,RP sig,RP,Y,#FBB4AE,
Gemmatimonadota,MAG_421,296,MAG_421,Gemmatimonadota,0.075832,M2,Gemmatimonadetes,Gemmatimonadales,GWC2-71-9,Unassign,Unassign,RS sig,RS,Y,#E6F5C9,
Patescibacteria,MAG_423,297,MAG_423,Patescibacteria,0.066581,M21,Saccharimonadia,Saccharimonadales,UBA1547,Unassign,Unassign,RP sig,RP,Y,#F2F2F2,
Proteobacteria,MAG_424,298,MAG_424,Proteobacteria,0.120048,M23,Alphaproteobacteria,Rhizobiales,Beijerinckiaceae,Microvirga,Unassign,RS sig,RS,Y,#FBB4AE,
Proteobacteria,MAG_425,299,MAG_425,Proteobacteria,0.035673,M23,Alphaproteobacteria,Rhizobiales,Afifellaceae,Propylenella,Unassign,RS sig,RS,Y,#FBB4AE,
Actinobacteriota,MAG_427,300,MAG_427,Actinobacteriota,0.01413,M1,UBA4738,UBA4738,HRBIN12,AC-51,Unassign,RS sig,RS,Y,#E5D8BD,
Methylomirabilota,MAG_429,301,MAG_429,Methylomirabilota,0.409519,M1,Methylomirabilia,Rokubacteriales,CSP1-6,AR12,Unassign,RS sig,RS,Y,#CBD5E8,
Chloroflexota,MAG_431,302,MAG_431,Chloroflexota,0.014378,M2,Chloroflexia,Thermomicrobiales,Unassign,Unassign,Unassign,RS sig,RS,Y,#FDDAEC,
Acidobacteriota,MAG_432,303,MAG_432,Acidobacteriota,0.012595,M2,CAIWXX01,Unassign,Unassign,Unassign,Unassign,RS sig,RS,Y,#FDCDAC,
Actinobacteriota,MAG_434,304,MAG_434,Actinobacteriota,0.052037,M1,Acidimicrobiia,Acidimicrobiales,JACDEA01,JACDEA01,Unassign,RS sig,RS,Y,#E5D8BD,
Chloroflexota,MAG_435,305,MAG_435,Chloroflexota,0.001203,M1,Anaerolineae,Anaerolineales,JABWBV01,JABWBV01,Unassign,RS sig,RS,Y,#FDDAEC,
Actinobacteriota,MAG_436,306,MAG_436,Actinobacteriota,0.008128,M2,UBA4738,AC-67,AC-67,Unassign,Unassign,RS sig,RS,Y,#E5D8BD,
Gemmatimonadota,MAG_437,307,MAG_437,Gemmatimonadota,0.011773,M2,Gemmatimonadetes,Gemmatimonadales,Gemmatimonadaceae,UBA4720,Unassign,RS sig,RS,Y,#E6F5C9,
Bacteroidota,MAG_438,308,MAG_438,Bacteroidota,0.016556,M20,Bacteroidia,Chitinophagales,Chitinophagaceae,JJ008,Unassign,RS sig,RS,Y,#B3CDE3,
Verrucomicrobiota,MAG_440,309,MAG_440,Verrucomicrobiota,0.017187,M2,Verrucomicrobiae,Chthoniobacterales,Chthoniobacteraceae,Unassign,Unassign,RS sig,RS,Y,#CCEBC5,
Bacteroidota,MAG_441,310,MAG_441,Bacteroidota,0.034736,M2,Bacteroidia,Chitinophagales,Chitinophagaceae,Unassign,Unassign,RS sig,RS,Y,#B3CDE3,
Myxococcota_A,MAG_442,311,MAG_442,Myxococcota_A,0.009284,M1,UBA9160,SZUA-336,SZUA-336,Unassign,Unassign,RS sig,RS,Y,#FFFFB3,
Gemmatimonadota,MAG_444,312,MAG_444,Gemmatimonadota,0.025943,M2,Gemmatimonadetes,Gemmatimonadales,GWC2-71-9,JACDDX01,Unassign,RS sig,RS,Y,#E6F5C9,
Actinobacteriota,MAG_445,313,MAG_445,Actinobacteriota,0.02199,M1,UBA4738,AC-67,Unassign,Unassign,Unassign,RS sig,RS,Y,#E5D8BD,
Acidobacteriota,MAG_447,314,MAG_447,Acidobacteriota,0.005103,M2,Blastocatellia,Pyrinomonadales,Pyrinomonadaceae,QHXM01,Unassign,RS sig,RS,Y,#FDCDAC,
Acidobacteriota,MAG_448,315,MAG_448,Acidobacteriota,0.033643,M2,Blastocatellia,UBA7656,UBA7656,JACQDB01,Unassign,RS sig,RS,Y,#FDCDAC,
Chloroflexota,MAG_449,316,MAG_449,Chloroflexota,0.004537,M20,Anaerolineae,Aggregatilineales,A4b,OLB15,Unassign,RS sig,RS,Y,#FDDAEC,
Verrucomicrobiota,MAG_452,317,MAG_452,Verrucomicrobiota,0.002543,M1,Verrucomicrobiae,Pedosphaerales,Unassign,Unassign,Unassign,RS sig,RS,Y,#CCEBC5,
Bacteroidota,MAG_453,318,MAG_453,Bacteroidota,0.027249,M2,Bacteroidia,Chitinophagales,Chitinophagaceae,Flavitalea,Unassign,RS sig,RS,Y,#B3CDE3,
Actinobacteriota,MAG_455,319,MAG_455,Actinobacteriota,0.092355,M1,Thermoleophilia,Solirubrobacterales,Solirubrobacteraceae,AC-38,Unassign,RS sig,RS,Y,#E5D8BD,
Bacteroidota,MAG_456,320,MAG_456,Bacteroidota,0.006807,M2,Bacteroidia,Chitinophagales,Chitinophagaceae,Unassign,Unassign,RS sig,RS,Y,#B3CDE3,
Acidobacteriota,MAG_457,321,MAG_457,Acidobacteriota,0.021669,M1,Thermoanaerobaculia,UBA5066,Gp7-AA6,Gp7-AA6,Unassign,RS sig,RS,Y,#FDCDAC,
Bacteroidota,MAG_459,322,MAG_459,Bacteroidota,0.065468,M11,Bacteroidia,Chitinophagales,Chitinophagaceae,JACDAZ01,Unassign,RP sig,RP,Y,#B3CDE3,
Gemmatimonadota,MAG_461,323,MAG_461,Gemmatimonadota,0.130033,M2,Gemmatimonadetes,Gemmatimonadales,Gemmatimonadaceae,UBA4720,Unassign,RS sig,RS,Y,#E6F5C9,
Myxococcota,MAG_462,324,MAG_462,Myxococcota,0.053486,M14,Polyangia,Polyangiales,Polyangiaceae,PMG-095,Unassign,RP sig,RP,Y,#FED9A6,
Gemmatimonadota,MAG_463,325,MAG_463,Gemmatimonadota,0.025269,M2,Gemmatimonadetes,Gemmatimonadales,Unassign,Unassign,Unassign,RS sig,RS,Y,#E6F5C9,
Chloroflexota,MAG_464,326,MAG_464,Chloroflexota,0.046987,M1,Limnocylindria,QHBO01,QHBO01,Unassign,Unassign,RS sig,RS,Y,#FDDAEC,
Eisenbacteria,MAG_465,327,MAG_465,Eisenbacteria,0.005921,M1,RBG-16-71-46,JABDJR01,Unassign,Unassign,Unassign,RS sig,RS,Y,#FB8072,
Gemmatimonadota,MAG_466,328,MAG_466,Gemmatimonadota,0.048337,M1,Gemmatimonadetes,JACCXV01,Unassign,Unassign,Unassign,RS sig,RS,Y,#E6F5C9,
Acidobacteriota,MAG_467,329,MAG_467,Acidobacteriota,0.152329,M2,Acidobacteriae,Bryobacterales,Bryobacteraceae,JACMLA01,Unassign,RS sig,RS,Y,#FDCDAC,
Gemmatimonadota,MAG_468,330,MAG_468,Gemmatimonadota,0.123353,M2,Gemmatimonadetes,Gemmatimonadales,Gemmatimonadaceae,JACDHQ01,Unassign,RS sig,RS,Y,#E6F5C9,
Gemmatimonadota,MAG_470,331,MAG_470,Gemmatimonadota,0.084189,M2,Gemmatimonadetes,Longimicrobiales,UBA6960,UBA2982,Unassign,RS sig,RS,Y,#E6F5C9,
Proteobacteria,MAG_471,332,MAG_471,Proteobacteria,0.005548,M1,Gammaproteobacteria,Woeseiales,Woeseiaceae,UBA1844,Unassign,RS sig,RS,Y,#FBB4AE,
Chloroflexota,MAG_472,333,MAG_472,Chloroflexota,0.054843,M1,Limnocylindria,Limnocylindrales,CSP1-4,SPCO01,Unassign,RS sig,RS,Y,#FDDAEC,
Gemmatimonadota,MAG_473,334,MAG_473,Gemmatimonadota,0.062479,M2,Gemmatimonadetes,Gemmatimonadales,Gemmatimonadaceae,UBA4720,Unassign,RS sig,RS,Y,#E6F5C9,
Tectomicrobia,MAG_474,335,MAG_474,Tectomicrobia,0.01163,M8,Entotheonellia,Entotheonellales,Entotheonellaceae,Entotheonella,Unassign,RS sig,RS,Y,#F1E2CC,
Actinobacteriota,MAG_476,336,MAG_476,Actinobacteriota,0.035996,M5,Rubrobacteria,Rubrobacterales,Rubrobacteraceae,SCSIO-52915,Unassign,RS sig,RS,Y,#E5D8BD,
Acidobacteriota,MAG_478,337,MAG_478,Acidobacteriota,0.031667,M1,Acidobacteriae,Bryobacterales,Bryobacteraceae,Unassign,Unassign,RS sig,RS,Y,#FDCDAC,
Acidobacteriota,MAG_479,338,MAG_479,Acidobacteriota,0.04851,M2,Blastocatellia,RBC074,Unassign,Unassign,Unassign,RS sig,RS,Y,#FDCDAC,
Gemmatimonadota,MAG_480,339,MAG_480,Gemmatimonadota,0.034487,M1,Gemmatimonadetes,Gemmatimonadales,GWC2-71-9,SZUA-320,Unassign,RS sig,RS,Y,#E6F5C9,
Chloroflexota,MAG_482,340,MAG_482,Chloroflexota,0.034371,M2,Anaerolineae,Anaerolineales,EnvOPS12,UBA12294,Unassign,RS sig,RS,Y,#FDDAEC,
Myxococcota,MAG_483,341,MAG_483,Myxococcota,0.043916,M1,Polyangia,Haliangiales,Haliangiaceae,JABFXX01,Unassign,RS sig,RS,Y,#FED9A6,
Planctomycetota,MAG_486,342,MAG_486,Planctomycetota,0.016136,M1,UBA11346,UBA11346,UBA11346,JACDEC01,Unassign,RS sig,RS,Y,#FFF2AE,
Gemmatimonadota,MAG_487,343,MAG_487,Gemmatimonadota,0.078969,M2,Gemmatimonadetes,Gemmatimonadales,Gemmatimonadaceae,AG2,Unassign,RS sig,RS,Y,#E6F5C9,
Planctomycetota,MAG_488,344,MAG_488,Planctomycetota,0.042201,M1,Phycisphaerae,Phycisphaerales,SM1A02,Unassign,Unassign,RS sig,RS,Y,#FFF2AE,
Gemmatimonadota,MAG_489,345,MAG_489,Gemmatimonadota,0.061694,M2,Gemmatimonadetes,Longimicrobiales,RSA9,Unassign,Unassign,RS sig,RS,Y,#E6F5C9,
Actinobacteriota,MAG_490,346,MAG_490,Actinobacteriota,0.007503,M1,Acidimicrobiia,UBA5794,ZC4RG35,JACCTH01,Unassign,RS sig,RS,Y,#E5D8BD,
Proteobacteria,MAG_492,347,MAG_492,Proteobacteria,0.012809,M25,Alphaproteobacteria,Caulobacterales,TH1-2,Terricaulis,Unassign,RS sig,RS,Y,#FBB4AE,
Acidobacteriota,MAG_493,348,MAG_493,Acidobacteriota,0.043242,M2,Blastocatellia,Pyrinomonadales,Pyrinomonadaceae,OLB17,Unassign,RS sig,RS,Y,#FDCDAC,
Bacteroidota,MAG_494,349,MAG_494,Bacteroidota,0.054167,M2,Bacteroidia,Chitinophagales,Chitinophagaceae,JJ008,Unassign,RS sig,RS,Y,#B3CDE3,
Bacteroidota,MAG_495,350,MAG_495,Bacteroidota,0.004285,M2,Bacteroidia,Chitinophagales,Chitinophagaceae,Unassign,Unassign,RS sig,RS,Y,#B3CDE3,
Bdellovibrionota,MAG_497,351,MAG_497,Bdellovibrionota,0.001082,M1,Oligoflexia,Oligoflexales,Oligoflexaceae,Oligoflexus,Unassign,RS sig,RS,Y,#80B1D3,
Methylomirabilota,MAG_498,352,MAG_498,Methylomirabilota,0.213454,M1,Methylomirabilia,Rokubacteriales,CSP1-6,VGLJ01,Unassign,RS sig,RS,Y,#CBD5E8,
Planctomycetota,MAG_499,353,MAG_499,Planctomycetota,0.027138,M1,Phycisphaerae,Phycisphaerales,SM1A02,Unassign,Unassign,RS sig,RS,Y,#FFF2AE,
Verrucomicrobiota,MAG_500,354,MAG_500,Verrucomicrobiota,0.015403,M2,Verrucomicrobiae,Chthoniobacterales,Terrimicrobiaceae,Unassign,Unassign,RS sig,RS,Y,#CCEBC5,
Desulfobacterota_B,MAG_501,355,MAG_501,Desulfobacterota_B,0.00354,M1,Binatia,UBA9968,UBA9968,Unassign,Unassign,RS sig,RS,Y,#B3E2CD,
Bacteroidota,MAG_502,356,MAG_502,Bacteroidota,0.00098,M2,Bacteroidia,Chitinophagales,Chitinophagaceae,JACDAZ01,Unassign,RS sig,RS,Y,#B3CDE3,
Desulfobacterota_B,MAG_503,357,MAG_503,Desulfobacterota_B,0.004971,M1,Binatia,UBA9968,UBA9968,DP-20,Unassign,RS sig,RS,Y,#B3E2CD,
Chloroflexota,MAG_504,358,MAG_504,Chloroflexota,0.033346,M20,Anaerolineae,Aggregatilineales,UBA2796,Unassign,Unassign,RS sig,RS,Y,#FDDAEC,
Eisenbacteria,MAG_507,359,MAG_507,Eisenbacteria,0.022875,M1,RBG-16-71-46,RBG-16-71-46,Unassign,Unassign,Unassign,RS sig,RS,Y,#FB8072,
Acidobacteriota,MAG_508,360,MAG_508,Acidobacteriota,0.022282,M2,Blastocatellia,UBA7656,UBA7656,JADGNW01,Unassign,RS sig,RS,Y,#FDCDAC,
Gemmatimonadota,MAG_509,361,MAG_509,Gemmatimonadota,0.140449,M1,Gemmatimonadetes,Gemmatimonadales,Gemmatimonadaceae,JABWBJ01,Unassign,RS sig,RS,Y,#E6F5C9,
Acidobacteriota,MAG_510,362,MAG_510,Acidobacteriota,0.019347,M2,Acidobacteriae,Bryobacterales,Bryobacteraceae,Unassign,Unassign,RS sig,RS,Y,#FDCDAC,
Thermoproteota,MAG_512,363,MAG_512,Thermoproteota,0.023502,M2,Nitrososphaeria,Nitrososphaerales,Nitrososphaeraceae,Nitrosocosmicus,Unassign,RS sig,RS,Y,#FFFFCC,
Acidobacteriota,MAG_513,364,MAG_513,Acidobacteriota,0.025186,M1,Acidobacteriae,Bryobacterales,Bryobacteraceae,JAFLBB01,Unassign,RS sig,RS,Y,#FDCDAC,
Proteobacteria,MAG_514,365,MAG_514,Proteobacteria,0.076767,M1,Alphaproteobacteria,Rhizobiales,Methyloligellaceae,Methyloceanibacter,Unassign,RS sig,RS,Y,#FBB4AE,
Actinobacteriota,MAG_515,366,MAG_515,Actinobacteriota,0.013466,M1,Acidimicrobiia,UBA5794,ZC4RG35,Unassign,Unassign,RS sig,RS,Y,#E5D8BD,
Acidobacteriota,MAG_516,367,MAG_516,Acidobacteriota,0.03186,M1,Acidobacteriae,20CM-2-55-15,20CM-2-55-15,Unassign,Unassign,RS sig,RS,Y,#FDCDAC,
Eisenbacteria,MAG_517,368,MAG_517,Eisenbacteria,0.018967,M1,RBG-16-71-46,RBG-16-71-46,RBG-16-71-46,WS-8,Unassign,RS sig,RS,Y,#FB8072,
Proteobacteria,MAG_518,369,MAG_518,Proteobacteria,0.034417,M1,Gammaproteobacteria,Steroidobacterales,Steroidobacteraceae,Unassign,Unassign,RS sig,RS,Y,#FBB4AE,
Bacteroidota,MAG_519,370,MAG_519,Bacteroidota,0.002385,M13,Bacteroidia,Chitinophagales,Chitinophagaceae,Ferruginibacter,Unassign,RP sig,RP,Y,#B3CDE3,
Planctomycetota,MAG_520,371,MAG_520,Planctomycetota,0.021903,M1,Phycisphaerae,UBA1845,Fen-1342,JACRLV01,Unassign,RS sig,RS,Y,#FFF2AE,
Thermoproteota,MAG_521,372,MAG_521,Thermoproteota,0.406225,M2,Nitrososphaeria,Nitrososphaerales,Nitrososphaeraceae,Nitrososphaera,Unassign,RS sig,RS,Y,#FFFFCC,
Proteobacteria,MAG_522,373,MAG_522,Proteobacteria,0.371835,M1,Gammaproteobacteria,Burkholderiales,SG8-39,SCGC-AG-212-J23,Unassign,RS sig,RS,Y,#FBB4AE,
Desulfobacterota_B,MAG_523,374,MAG_523,Desulfobacterota_B,0.407246,M2,Binatia,UBA9968,UBA9968,WHTF01,Unassign,RS sig,RS,Y,#B3E2CD,
Bacteroidota,MAG_524,375,MAG_524,Bacteroidota,0.396064,M1,Bacteroidia,Chitinophagales,Chitinophagaceae,VBAS01,Unassign,RS sig,RS,Y,#B3CDE3,
Proteobacteria,MAG_525,376,MAG_525,Proteobacteria,0.113097,M26,Gammaproteobacteria,Steroidobacterales,Steroidobacteraceae,JAAYXG01,Unassign,RP sig,RP,Y,#FBB4AE,
Goldbacteria,MAG_526,377,MAG_526,Goldbacteria,0.002326,M1,Unassign,Unassign,Unassign,Unassign,Unassign,RS sig,RS,Y,#FDB462,
Actinobacteriota,MAG_528,378,MAG_528,Actinobacteriota,0.010837,M1,UBA4738,UBA4738,HRBIN12,AC-51,Unassign,RS sig,RS,Y,#E5D8BD,
Planctomycetota,MAG_529,379,MAG_529,Planctomycetota,0.028301,M2,Phycisphaerae,Tepidisphaerales,Unassign,Unassign,Unassign,RS sig,RS,Y,#FFF2AE,
Bacteroidota,MAG_530,380,MAG_530,Bacteroidota,0.000656,M1,Bacteroidia,Chitinophagales,UBA10324,JAFDYS01,Unassign,RS sig,RS,Y,#B3CDE3,
Myxococcota_A,MAG_531,381,MAG_531,Myxococcota_A,0.0381,M1,UBA796,UBA796,GCA-2862545,DRPG01,Unassign,RS sig,RS,Y,#FFFFB3,
Verrucomicrobiota,MAG_532,382,MAG_532,Verrucomicrobiota,0.008917,M1,Verrucomicrobiae,Pedosphaerales,UBA8199,PSRM01,Unassign,RS sig,RS,Y,#CCEBC5,
Bacteroidota,MAG_533,383,MAG_533,Bacteroidota,0.000598,M1,Bacteroidia,Cytophagales,Cyclobacteriaceae,ELB16-189,Unassign,RS sig,RS,Y,#B3CDE3,
Bacteroidota,MAG_534,384,MAG_534,Bacteroidota,0.003055,M1,Bacteroidia,Chitinophagales,Saprospiraceae,JADKGY01,Unassign,RS sig,RS,Y,#B3CDE3,
Gemmatimonadota,MAG_535,385,MAG_535,Gemmatimonadota,0.01764,M1,Gemmatimonadetes,Longimicrobiales,UBA6960,Unassign,Unassign,RS sig,RS,Y,#E6F5C9,
Chloroflexota,MAG_536,386,MAG_536,Chloroflexota,0.058135,M2,Dehalococcoidia,Tepidiformales,Tepidiformaceae,14-Feb,Unassign,RS sig,RS,Y,#FDDAEC,
Planctomycetota,MAG_537,387,MAG_537,Planctomycetota,0.024897,M1,UBA1135,UBA1135,GCA-002686595,JABFRZ01,Unassign,RS sig,RS,Y,#FFF2AE,
Actinobacteriota,MAG_539,388,MAG_539,Actinobacteriota,0.008435,M1,Acidimicrobiia,UBA5794,ZC4RG35,Unassign,Unassign,RS sig,RS,Y,#E5D8BD,
Bacteroidota,MAG_540,389,MAG_540,Bacteroidota,0.002402,M1,Bacteroidia,Cytophagales,Cyclobacteriaceae,ELB16-189,Unassign,RS sig,RS,Y,#B3CDE3,
Planctomycetota,MAG_541,390,MAG_541,Planctomycetota,0.081237,M6,Planctomycetia,Gemmatales,Gemmataceae,SIAJ01,Unassign,RS sig,RS,Y,#FFF2AE,MAG_541
Planctomycetota,MAG_542,391,MAG_542,Planctomycetota,0.135455,M2,Phycisphaerae,Tepidisphaerales,Unassign,Unassign,Unassign,RS sig,RS,Y,#FFF2AE,
Verrucomicrobiota,MAG_543,392,MAG_543,Verrucomicrobiota,0.362724,M2,Verrucomicrobiae,Pedosphaerales,UBA11320,Unassign,Unassign,RS sig,RS,Y,#CCEBC5,
Planctomycetota,MAG_545,393,MAG_545,Planctomycetota,0.011867,M1,UBA1135,UBA1135,GCA-002686595,Unassign,Unassign,RS sig,RS,Y,#FFF2AE,
Planctomycetota,MAG_546,394,MAG_546,Planctomycetota,0.03246,M1,Planctomycetia,Pirellulales,JAEUIK01,Unassign,Unassign,RS sig,RS,Y,#FFF2AE,
Acidobacteriota,MAG_547,395,MAG_547,Acidobacteriota,0.023625,M1,Mor1,Mor1,Unassign,Unassign,Unassign,RS sig,RS,Y,#FDCDAC,
Acidobacteriota,MAG_549,396,MAG_549,Acidobacteriota,0.011243,M1,Mor1,Gp22-AA2,Gp22-AA2,Unassign,Unassign,RS sig,RS,Y,#FDCDAC,
Acidobacteriota,MAG_550,397,MAG_550,Acidobacteriota,0.26144,M2,Vicinamibacteria,Vicinamibacterales,UBA2999,Gp6-AA40,Unassign,RS sig,RS,Y,#FDCDAC,
Gemmatimonadota,MAG_551,398,MAG_551,Gemmatimonadota,0.067009,M1,Gemmatimonadetes,Gemmatimonadales,Gemmatimonadaceae,JABWBJ01,Unassign,RS sig,RS,Y,#E6F5C9,
Actinobacteriota,MAG_552,399,MAG_552,Actinobacteriota,0.056904,M1,Acidimicrobiia,IMCC26256,PALSA-555,Unassign,Unassign,RS sig,RS,Y,#E5D8BD,
Actinobacteriota,MAG_553,400,MAG_553,Actinobacteriota,0.043461,M5,Rubrobacteria,Rubrobacterales,Rubrobacteraceae,SCSIO-52915,Unassign,RS sig,RS,Y,#E5D8BD,
Bacteroidota,MAG_555,401,MAG_555,Bacteroidota,0.010803,M13,Bacteroidia,Chitinophagales,Chitinophagaceae,Pseudobacter,Unassign,RP sig,RP,Y,#B3CDE3,
Desulfobacterota_B,MAG_556,402,MAG_556,Desulfobacterota_B,0.011198,M2,Binatia,UBA9968,UBA9968,DP-20,Unassign,RS sig,RS,Y,#B3E2CD,
Acidobacteriota,MAG_557,403,MAG_557,Acidobacteriota,0.037547,M2,Vicinamibacteria,Vicinamibacterales,SCN-69-37,Unassign,Unassign,RS sig,RS,Y,#FDCDAC,MAG_557
Proteobacteria,MAG_558,404,MAG_558,Proteobacteria,0.040108,M1,Alphaproteobacteria,Micropepsales,Micropepsaceae,CAIYRG01,Unassign,RS sig,RS,Y,#FBB4AE,
Planctomycetota,MAG_560,405,MAG_560,Planctomycetota,0.051033,M1,Planctomycetia,Pirellulales,Pirellulaceae,Anatilimnocola,Unassign,RS sig,RS,Y,#FFF2AE,
Desulfobacterota_B,MAG_561,406,MAG_561,Desulfobacterota_B,0.011975,M1,Binatia,UBA9968,UBA9968,DP-20,Unassign,RS sig,RS,Y,#B3E2CD,
Gemmatimonadota,MAG_562,407,MAG_562,Gemmatimonadota,0.102111,M2,Gemmatimonadetes,Longimicrobiales,RSA9,Unassign,Unassign,RS sig,RS,Y,#E6F5C9,
Myxococcota,MAG_563,408,MAG_563,Myxococcota,0.141475,M1,Polyangia,Haliangiales,Haliangiaceae,Unassign,Unassign,RS sig,RS,Y,#FED9A6,
Bacteroidota,MAG_564,409,MAG_564,Bacteroidota,0.017361,M1,Bacteroidia,Cytophagales,Cyclobacteriaceae,ELB16-189,Unassign,RS sig,RS,Y,#B3CDE3,
Proteobacteria,MAG_565,410,MAG_565,Proteobacteria,0.091415,M2,Gammaproteobacteria,Burkholderiales,SG8-41,PALSA-1004,Unassign,RS sig,RS,Y,#FBB4AE,
Desulfobacterota_B,MAG_566,411,MAG_566,Desulfobacterota_B,0.025271,M1,Binatia,UBA9968,UBA9968,DP-20,Unassign,RS sig,RS,Y,#B3E2CD,
Desulfobacterota_B,MAG_567,412,MAG_567,Desulfobacterota_B,0.004022,M2,Binatia,UBA9968,UBA9968,DP-20,Unassign,RS sig,RS,Y,#B3E2CD,
Gemmatimonadota,MAG_568,413,MAG_568,Gemmatimonadota,0.024028,M1,Gemmatimonadetes,Gemmatimonadales,GWC2-71-9,Unassign,Unassign,RS sig,RS,Y,#E6F5C9,
Actinobacteriota,MAG_570,414,MAG_570,Actinobacteriota,0.002327,M1,Acidimicrobiia,UBA5794,ZC4RG35,MA-ANB-1,Unassign,RS sig,RS,Y,#E5D8BD,
Proteobacteria,MAG_571,415,MAG_571,Proteobacteria,0.012657,M1,Gammaproteobacteria,Steroidobacterales,Steroidobacteraceae,Unassign,Unassign,RS sig,RS,Y,#FBB4AE,
Acidobacteriota,MAG_572,416,MAG_572,Acidobacteriota,0.04491,M2,Vicinamibacteria,Vicinamibacterales,Unassign,Unassign,Unassign,RS sig,RS,Y,#FDCDAC,
Acidobacteriota,MAG_574,417,MAG_574,Acidobacteriota,0.001973,M2,CAIWXX01,Unassign,Unassign,Unassign,Unassign,RS sig,RS,Y,#FDCDAC,
Acidobacteriota,MAG_575,418,MAG_575,Acidobacteriota,0.107351,M2,Blastocatellia,Pyrinomonadales,Pyrinomonadaceae,PSRF01,Unassign,RS sig,RS,Y,#FDCDAC,
Planctomycetota,MAG_576,419,MAG_576,Planctomycetota,0.03347,M1,UBA1135,UBA1135,GCA-002686595,Unassign,Unassign,RS sig,RS,Y,#FFF2AE,
Proteobacteria,MAG_577,420,MAG_577,Proteobacteria,0.052016,M2,Gammaproteobacteria,Burkholderiales,WYBJ01,WYBJ01,Unassign,RS sig,RS,Y,#FBB4AE,
Acidobacteriota,MAG_578,421,MAG_578,Acidobacteriota,0.082063,M1,Vicinamibacteria,Fen-336,Fen-336,Unassign,Unassign,RS sig,RS,Y,#FDCDAC,
Acidobacteriota,MAG_579,422,MAG_579,Acidobacteriota,0.045305,M1,Vicinamibacteria,Fen-336,Fen-336,Unassign,Unassign,RS sig,RS,Y,#FDCDAC,
Planctomycetota,MAG_580,423,MAG_580,Planctomycetota,0.034041,M2,Phycisphaerae,Tepidisphaerales,Unassign,Unassign,Unassign,RS sig,RS,Y,#FFF2AE,
Thermoproteota,MAG_581,424,MAG_581,Thermoproteota,0.058249,M1,Nitrososphaeria,Nitrososphaerales,Nitrososphaeraceae,TA-21,Unassign,RS sig,RS,Y,#FFFFCC,
Planctomycetota,MAG_582,425,MAG_582,Planctomycetota,0.005669,M1,Phycisphaerae,Phycisphaerales,SM1A02,Unassign,Unassign,RS sig,RS,Y,#FFF2AE,
Gemmatimonadota,MAG_583,426,MAG_583,Gemmatimonadota,0.018558,M1,Gemmatimonadetes,Gemmatimonadales,Gemmatimonadaceae,PNKF01,Unassign,RS sig,RS,Y,#E6F5C9,
Proteobacteria,MAG_584,427,MAG_584,Proteobacteria,0.078362,M1,Gammaproteobacteria,Burkholderiales,SG8-39,JAABQT01,Unassign,RS sig,RS,Y,#FBB4AE,
Myxococcota,MAG_585,428,MAG_585,Myxococcota,0.082745,M1,Polyangia,Nannocystales,Nannocystaceae,Unassign,Unassign,RS sig,RS,Y,#FED9A6,
Acidobacteriota,MAG_586,429,MAG_586,Acidobacteriota,0.050912,M1,Vicinamibacteria,Vicinamibacterales,SCN-69-37,Unassign,Unassign,RS sig,RS,Y,#FDCDAC,
Acidobacteriota,MAG_587,430,MAG_587,Acidobacteriota,0.051573,M2,Blastocatellia,Pyrinomonadales,Pyrinomonadaceae,OLB17,Unassign,RS sig,RS,Y,#FDCDAC,
Armatimonadota,MAG_588,431,MAG_588,Armatimonadota,0.014596,M1,Fimbriimonadia,Fimbriimonadales,Fimbriimonadaceae,Unassign,Unassign,RS sig,RS,Y,#CCCCCC,
Acidobacteriota,MAG_590,432,MAG_590,Acidobacteriota,0.316068,M2,Blastocatellia,Pyrinomonadales,Pyrinomonadaceae,PSRF01,Unassign,RS sig,RS,Y,#FDCDAC,
Acidobacteriota,MAG_591,433,MAG_591,Acidobacteriota,0.038093,M1,Acidobacteriae,20CM-2-55-15,20CM-2-55-15,DSPE01,Unassign,RS sig,RS,Y,#FDCDAC,
Myxococcota,MAG_592,434,MAG_592,Myxococcota,0.087849,M1,Polyangia,Haliangiales,Haliangiaceae,JABFXX01,Unassign,RS sig,RS,Y,#FED9A6,
Proteobacteria,MAG_593,435,MAG_593,Proteobacteria,0.028499,M25,Alphaproteobacteria,Caulobacterales,Unassign,Unassign,Unassign,RS sig,RS,Y,#FBB4AE,
RBG-13-61-14,MAG_594,436,MAG_594,RBG-13-61-14,0.005359,M1,Unassign,Unassign,Unassign,Unassign,Unassign,RS sig,RS,Y,#B3DE69,
Myxococcota,MAG_595,437,MAG_595,Myxococcota,0.032958,M1,Polyangia,Polyangiales,Polyangiaceae,Unassign,Unassign,RS sig,RS,Y,#FED9A6,
