"Phylum","Label","Id","att1","att2","att3","att4","Class","Order","Family","Genus","Species","category","enrich","significant","color"
"Acidobacteriota","MAG_547",256,"MAG_547","Acidobacteriota",0.035565,"M34","Mor1","Mor1","Unassign","Unassign","Unassign","RS sig","RS","Y","#FDCDAC"
"Acidobacteriota","MAG_303",144,"MAG_303","Acidobacteriota",0.399266,"M7","Blastocatellia","Pyrinomonadales","Pyrinomonadaceae","Unassign","Unassign","RS sig","RS","Y","#FDCDAC"
"Acidobacteriota","MAG_388",189,"MAG_388","Acidobacteriota",0.495955,"M23","Blastocatellia","Pyrinomonadales","Pyrinomonadaceae","PSRF01","Unassign","RS sig","RS","Y","#FDCDAC"
"Acidobacteriota","MAG_192",95,"MAG_192","Acidobacteriota",0.366915,"M7","Blastocatellia","Pyrinomonadales","Pyrinomonadaceae","Unassign","Unassign","RS sig","RS","Y","#FDCDAC"
"Acidobacteriota","MAG_282",129,"MAG_282","Acidobacteriota",0.237647,"M22","Blastocatellia","Pyrinomonadales","Pyrinomonadaceae","OLB17","Unassign","RS sig","RS","Y","#FDCDAC"
"Acidobacteriota","MAG_448",215,"MAG_448","Acidobacteriota",0.054376,"M24","Blastocatellia","UBA7656","UBA7656","JACQDB01","Unassign","RS sig","RS","Y","#FDCDAC"
"Acidobacteriota","MAG_344",166,"MAG_344","Acidobacteriota",0.252627,"M5","Thermoanaerobaculia","Gp7-AA8","Gp7-AA8","QHVT01","Unassign","RS sig","RS","Y","#FDCDAC"
"Acidobacteriota","MAG_307",147,"MAG_307","Acidobacteriota",0.313515,"M22","Blastocatellia","Pyrinomonadales","Pyrinomonadaceae","OLB17","Unassign","RS sig","RS","Y","#FDCDAC"
"Acidobacteriota","MAG_290",135,"MAG_290","Acidobacteriota",0.276688,"M7","Blastocatellia","Pyrinomonadales","Pyrinomonadaceae","Unassign","Unassign","RS sig","RS","Y","#FDCDAC"
"Acidobacteriota","MAG_310",150,"MAG_310","Acidobacteriota",0.421957,"M7","Blastocatellia","Pyrinomonadales","Pyrinomonadaceae","Unassign","Unassign","RS sig","RS","Y","#FDCDAC"
"Acidobacteriota","MAG_572",267,"MAG_572","Acidobacteriota",0.068662,"M38","Vicinamibacteria","Vicinamibacterales","Unassign","Unassign","Unassign","RS sig","RS","Y","#FDCDAC"
"Acidobacteriota","MAG_373",178,"MAG_373","Acidobacteriota",0.289499,"M7","Blastocatellia","Pyrinomonadales","Pyrinomonadaceae","Unassign","Unassign","RS sig","RS","Y","#FDCDAC"
"Acidobacteriota","MAG_300",142,"MAG_300","Acidobacteriota",0.461461,"M7","Blastocatellia","Pyrinomonadales","Pyrinomonadaceae","Unassign","Unassign","RS sig","RS","Y","#FDCDAC"
"Acidobacteriota","MAG_575",268,"MAG_575","Acidobacteriota",0.179792,"M23","Blastocatellia","Pyrinomonadales","Pyrinomonadaceae","PSRF01","Unassign","RS sig","RS","Y","#FDCDAC"
"Acidobacteriota","MAG_315",154,"MAG_315","Acidobacteriota",0.347164,"M7","Blastocatellia","Pyrinomonadales","Pyrinomonadaceae","Unassign","Unassign","RS sig","RS","Y","#FDCDAC"
"Acidobacteriota","MAG_587",272,"MAG_587","Acidobacteriota",0.085991,"M24","Blastocatellia","Pyrinomonadales","Pyrinomonadaceae","OLB17","Unassign","RS sig","RS","Y","#FDCDAC"
"Acidobacteriota","MAG_402",200,"MAG_402","Acidobacteriota",0.028573,"M35","Acidobacteriae","Bryobacterales","Bryobacteraceae","Unassign","Unassign","RS sig","RS","Y","#FDCDAC"
"Acidobacteriota","MAG_365",174,"MAG_365","Acidobacteriota",0.129091,"M1","Acidobacteriae","Bryobacterales","Bryobacteraceae","JAFLBB01","Unassign","RS sig","RS","Y","#FDCDAC"
"Acidobacteriota","MAG_378",182,"MAG_378","Acidobacteriota",0.270865,"M22","Blastocatellia","Pyrinomonadales","Pyrinomonadaceae","OLB17","Unassign","RS sig","RS","Y","#FDCDAC"
"Acidobacteriota","MAG_396",196,"MAG_396","Acidobacteriota",0.234487,"M59","Blastocatellia","UBA7656","UBA7656","JADGNW01","Unassign","RS sig","RS","Y","#FDCDAC"
"Acidobacteriota","MAG_493",230,"MAG_493","Acidobacteriota",0.073729,"M24","Blastocatellia","Pyrinomonadales","Pyrinomonadaceae","OLB17","Unassign","RS sig","RS","Y","#FDCDAC"
"Acidobacteriota","MAG_516",239,"MAG_516","Acidobacteriota",0.052001,"M1","Acidobacteriae","20CM-2-55-15","20CM-2-55-15","Unassign","Unassign","RS sig","RS","Y","#FDCDAC"
"Acidobacteriota","MAG_478",227,"MAG_478","Acidobacteriota",0.054842,"M1","Acidobacteriae","Bryobacterales","Bryobacteraceae","Unassign","Unassign","RS sig","RS","Y","#FDCDAC"
"Acidobacteriota","MAG_374",179,"MAG_374","Acidobacteriota",0.708382,"M5","Vicinamibacteria","Vicinamibacterales","UBA2999","12-FULL-67-14b","Unassign","RS sig","RS","Y","#FDCDAC"
"Acidobacteriota","MAG_299",141,"MAG_299","Acidobacteriota",0.192994,"M59","Blastocatellia","UBA7656","UBA7656","JADGNW01","Unassign","RS sig","RS","Y","#FDCDAC"
"Acidobacteriota","MAG_591",274,"MAG_591","Acidobacteriota",0.061374,"M51","Acidobacteriae","20CM-2-55-15","20CM-2-55-15","DSPE01","Unassign","RS sig","RS","Y","#FDCDAC"
"Acidobacteriota","MAG_370",177,"MAG_370","Acidobacteriota",1.711747,"M23","Blastocatellia","Pyrinomonadales","Pyrinomonadaceae","PSRF01","Unassign","RS sig","RS","Y","#FDCDAC"
"Acidobacteriota","MAG_467",222,"MAG_467","Acidobacteriota",0.23473,"M35","Acidobacteriae","Bryobacterales","Bryobacteraceae","JACMLA01","Unassign","RS sig","RS","Y","#FDCDAC"
"Acidobacteriota","MAG_513",238,"MAG_513","Acidobacteriota",0.038266,"M1","Acidobacteriae","Bryobacterales","Bryobacteraceae","JAFLBB01","Unassign","RS sig","RS","Y","#FDCDAC"
"Acidobacteriota","MAG_226",111,"MAG_226","Acidobacteriota",0.124789,"M51","Acidobacteriae","20CM-2-55-15","20CM-2-55-15","DSPE01","Unassign","RS sig","RS","Y","#FDCDAC"
"Acidobacteriota","MAG_312",151,"MAG_312","Acidobacteriota",0.380916,"M22","Blastocatellia","Pyrinomonadales","Pyrinomonadaceae","OLB17","Unassign","RS sig","RS","Y","#FDCDAC"
"Actinobacteriota","MAG_490",229,"MAG_490","Actinobacteriota",0.011227,"M55","Acidimicrobiia","UBA5794","ZC4RG35","JACCTH01","Unassign","RS sig","RS","Y","#E5D8BD"
"Actinobacteriota","MAG_376",180,"MAG_376","Actinobacteriota",0.387686,"M9","Rubrobacteria","Rubrobacterales","Rubrobacteraceae","SCSIO-52915","Unassign","RS sig","RS","Y","#E5D8BD"
"Actinobacteriota","MAG_260",122,"MAG_260","Actinobacteriota",0.114659,"M3","UBA4738","UBA4738","HRBIN12","DSRY01","Unassign","RS sig","RS","Y","#E5D8BD"
"Actinobacteriota","MAG_324",159,"MAG_324","Actinobacteriota",0.053496,"M4","Actinomycetia","Propionibacteriales","Propionibacteriaceae","Unassign","Unassign","RS sig","RS","Y","#E5D8BD"
"Actinobacteriota","MAG_207",104,"MAG_207","Actinobacteriota",0.296501,"M9","Rubrobacteria","Rubrobacterales","Rubrobacteraceae","SCSIO-52915","Unassign","RS sig","RS","Y","#E5D8BD"
"Actinobacteriota","MAG_316",155,"MAG_316","Actinobacteriota",0.269998,"M9","Rubrobacteria","Rubrobacterales","Rubrobacteraceae","SCSIO-52915","Unassign","RS sig","RS","Y","#E5D8BD"
"Actinobacteriota","MAG_368",176,"MAG_368","Actinobacteriota",0.448849,"M3","Thermoleophilia","Gaiellales","Gaiellaceae","Gaiella","Unassign","RS sig","RS","Y","#E5D8BD"
"Actinobacteriota","MAG_193",96,"MAG_193","Actinobacteriota",0.251589,"M9","Rubrobacteria","Rubrobacterales","Rubrobacteraceae","SCSIO-52915","Unassign","RS sig","RS","Y","#E5D8BD"
"Actinobacteriota","MAG_257",120,"MAG_257","Actinobacteriota",0.166903,"M3","Thermoleophilia","Solirubrobacterales","Solirubrobacteraceae","AC-38","Unassign","RS sig","RS","Y","#E5D8BD"
"Actinobacteriota","MAG_367",175,"MAG_367","Actinobacteriota",0.283482,"M3","Thermoleophilia","Solirubrobacterales","Solirubrobacteraceae","AC-38","Unassign","RS sig","RS","Y","#E5D8BD"
"Actinobacteriota","MAG_377",181,"MAG_377","Actinobacteriota",0.201882,"M45","UBA4738","CADDZG01","WHSQ01","Unassign","Unassign","RS sig","RS","Y","#E5D8BD"
"Actinobacteriota","MAG_286",132,"MAG_286","Actinobacteriota",0.248351,"M9","Rubrobacteria","Rubrobacterales","Rubrobacteraceae","SCSIO-52915","Unassign","RS sig","RS","Y","#E5D8BD"
"Actinobacteriota","MAG_293",138,"MAG_293","Actinobacteriota",0.278574,"M9","Rubrobacteria","Rubrobacterales","Rubrobacteraceae","SCSIO-52915","Unassign","RS sig","RS","Y","#E5D8BD"
"Actinobacteriota","MAG_336",161,"MAG_336","Actinobacteriota",0.152001,"M3","Thermoleophilia","Solirubrobacterales","Sep-70","VGBV01","Unassign","RS sig","RS","Y","#E5D8BD"
"Actinobacteriota","MAG_387",188,"MAG_387","Actinobacteriota",0.21082,"M3","UBA4738","UBA4738","HRBIN12","DSRY01","Unassign","RS sig","RS","Y","#E5D8BD"
"Actinobacteriota","MAG_528",247,"MAG_528","Actinobacteriota",0.014778,"M3","UBA4738","UBA4738","HRBIN12","AC-51","Unassign","RS sig","RS","Y","#E5D8BD"
"Actinobacteriota","MAG_570",265,"MAG_570","Actinobacteriota",0.003111,"M3","Acidimicrobiia","UBA5794","ZC4RG35","MA-ANB-1","Unassign","RS sig","RS","Y","#E5D8BD"
"Actinobacteriota","MAG_352",169,"MAG_352","Actinobacteriota",0.030762,"M55","Acidimicrobiia","UBA5794","ZC4RG35","JACCTH01","Unassign","RS sig","RS","Y","#E5D8BD"
"Actinobacteriota","MAG_304",145,"MAG_304","Actinobacteriota",0.368257,"M3","Thermoleophilia","Gaiellales","Gaiellaceae","JACDAN01","Unassign","RS sig","RS","Y","#E5D8BD"
"Actinobacteriota","MAG_406",201,"MAG_406","Actinobacteriota",0.082155,"M3","UBA4738","UBA4738","HRBIN12","AC-51","Unassign","RS sig","RS","Y","#E5D8BD"
"Actinobacteriota","MAG_393",193,"MAG_393","Actinobacteriota",0.068574,"M3","Thermoleophilia","Solirubrobacterales","Solirubrobacteraceae","AC-38","Unassign","RS sig","RS","Y","#E5D8BD"
"Actinobacteriota","MAG_476",226,"MAG_476","Actinobacteriota",0.059621,"M54","Rubrobacteria","Rubrobacterales","Rubrobacteraceae","SCSIO-52915","Unassign","RS sig","RS","Y","#E5D8BD"
"Actinobacteriota","MAG_455",218,"MAG_455","Actinobacteriota",0.139411,"M3","Thermoleophilia","Solirubrobacterales","Solirubrobacteraceae","AC-38","Unassign","RS sig","RS","Y","#E5D8BD"
"Actinobacteriota","MAG_381",184,"MAG_381","Actinobacteriota",0.030263,"M4","UBA4738","CADDZG01","WHSQ01","JACDAL01","Unassign","RS sig","RS","Y","#E5D8BD"
"Actinobacteriota","MAG_382",185,"MAG_382","Actinobacteriota",0.06688,"M3","UBA4738","UBA4738","HRBIN12","DSRY01","Unassign","RS sig","RS","Y","#E5D8BD"
"Actinobacteriota","MAG_400",198,"MAG_400","Actinobacteriota",0.052321,"M3","Thermoleophilia","Solirubrobacterales","Sep-70","VGBV01","Unassign","RS sig","RS","Y","#E5D8BD"
"Actinobacteriota","MAG_401",199,"MAG_401","Actinobacteriota",0.030114,"M3","Acidimicrobiia","IMCC26256","JACPCJ01","Unassign","Unassign","RS sig","RS","Y","#E5D8BD"
"Actinobacteriota","MAG_340",164,"MAG_340","Actinobacteriota",0.051609,"M4","UBA4738","CADDZG01","WHSQ01","JACDAL01","Unassign","RS sig","RS","Y","#E5D8BD"
"Actinobacteriota","MAG_242",115,"MAG_242","Actinobacteriota",0.100568,"M37","Acidimicrobiia","Acidimicrobiales","Ilumatobacteraceae","Unassign","Unassign","RS sig","RS","Y","#E5D8BD"
"Actinobacteriota","MAG_553",259,"MAG_553","Actinobacteriota",0.071985,"M54","Rubrobacteria","Rubrobacterales","Rubrobacteraceae","SCSIO-52915","Unassign","RS sig","RS","Y","#E5D8BD"
"Actinobacteriota","MAG_552",258,"MAG_552","Actinobacteriota",0.081101,"M37","Acidimicrobiia","IMCC26256","PALSA-555","Unassign","Unassign","RS sig","RS","Y","#E5D8BD"
"Actinobacteriota","MAG_427",209,"MAG_427","Actinobacteriota",0.019655,"M3","UBA4738","UBA4738","HRBIN12","AC-51","Unassign","RS sig","RS","Y","#E5D8BD"
"Actinobacteriota","MAG_199",99,"MAG_199","Actinobacteriota",0.161969,"M45","UBA4738","CADDZG01","WHSQ01","Unassign","Unassign","RS sig","RS","Y","#E5D8BD"
"Armatimonadota","MAG_588",273,"MAG_588","Armatimonadota",0.025823,"M1","Fimbriimonadia","Fimbriimonadales","Fimbriimonadaceae","Unassign","Unassign","RS sig","RS","Y","#CCCCCC"
"Bacteroidota","MAG_090",42,"MAG_090","Bacteroidota",0.075329,"M18","Bacteroidia","Chitinophagales","Chitinophagaceae","Chitinophaga","Unassign","RP sig","RP","Y","#B3CDE3"
"Bacteroidota","MAG_027",11,"MAG_027","Bacteroidota",0.02081,"M23","Bacteroidia","Flavobacteriales","Crocinitomicaceae","Fluviicola","Unassign","RP sig","RP","Y","#B3CDE3"
"Bacteroidota","MAG_124",61,"MAG_124","Bacteroidota",0.15084,"M16","Bacteroidia","Chitinophagales","Chitinophagaceae","Unassign","Unassign","RP sig","RP","Y","#B3CDE3"
"Bacteroidota","MAG_149",74,"MAG_149","Bacteroidota",0.10191,"M16","Bacteroidia","Chitinophagales","Chitinophagaceae","JACDAZ01","Unassign","RP sig","RP","Y","#B3CDE3"
"Bacteroidota","MAG_036",16,"MAG_036","Bacteroidota",0.0661,"M18","Bacteroidia","Chitinophagales","Chitinophagaceae","Chitinophaga","Unassign","RP sig","RP","Y","#B3CDE3"
"Bacteroidota","MAG_052",18,"MAG_052","Bacteroidota",0.067786,"M40","Bacteroidia","Cytophagales","Cyclobacteriaceae","Ohtaekwangia","Unassign","RP","RP","N","#B3CDE3"
"Bacteroidota","MAG_211",108,"MAG_211","Bacteroidota",0.173486,"M13","Bacteroidia","Chitinophagales","Chitinophagaceae","JJ008","Unassign","RS sig","RS","Y","#B3CDE3"
"Bacteroidota","MAG_524",246,"MAG_524","Bacteroidota",0.661042,"M14","Bacteroidia","Chitinophagales","Chitinophagaceae","VBAS01","Unassign","RS sig","RS","Y","#B3CDE3"
"Bacteroidota","MAG_103",51,"MAG_103","Bacteroidota",0.094044,"M18","Bacteroidia","Chitinophagales","Chitinophagaceae","Chitinophaga","Unassign","RP sig","RP","Y","#B3CDE3"
"Bacteroidota","MAG_519",241,"MAG_519","Bacteroidota",0.001777,"M47","Bacteroidia","Chitinophagales","Chitinophagaceae","Ferruginibacter","Unassign","RP sig","RP","Y","#B3CDE3"
"Bacteroidota","MAG_098",47,"MAG_098","Bacteroidota",0.028597,"M18","Bacteroidia","Chitinophagales","Chitinophagaceae","Chitinophaga","Unassign","RP sig","RP","Y","#B3CDE3"
"Bacteroidota","MAG_438",213,"MAG_438","Bacteroidota",0.023985,"M1","Bacteroidia","Chitinophagales","Chitinophagaceae","JJ008","Unassign","RS sig","RS","Y","#B3CDE3"
"Bacteroidota","MAG_414",204,"MAG_414","Bacteroidota",0.044548,"M14","Bacteroidia","Chitinophagales","Chitinophagaceae","VBAS01","Unassign","RS sig","RS","Y","#B3CDE3"
"Bacteroidota","MAG_459",219,"MAG_459","Bacteroidota",0.049091,"M16","Bacteroidia","Chitinophagales","Chitinophagaceae","JACDAZ01","Unassign","RP sig","RP","Y","#B3CDE3"
"Bacteroidota","MAG_530",249,"MAG_530","Bacteroidota",0.001052,"M14","Bacteroidia","Chitinophagales","UBA10324","JAFDYS01","Unassign","RS sig","RS","Y","#B3CDE3"
"Bacteroidota","MAG_502",233,"MAG_502","Bacteroidota",0.001364,"M10","Bacteroidia","Chitinophagales","Chitinophagaceae","JACDAZ01","Unassign","RS sig","RS","Y","#B3CDE3"
"Bacteroidota","MAG_534",252,"MAG_534","Bacteroidota",0.004409,"M1","Bacteroidia","Chitinophagales","Saprospiraceae","JADKGY01","Unassign","RS sig","RS","Y","#B3CDE3"
"Bacteroidota","MAG_494",231,"MAG_494","Bacteroidota",0.081218,"M13","Bacteroidia","Chitinophagales","Chitinophagaceae","JJ008","Unassign","RS sig","RS","Y","#B3CDE3"
"Bacteroidota","MAG_362",173,"MAG_362","Bacteroidota",0.09519,"M1","Bacteroidia","Chitinophagales","Saprospiraceae","JADKGY01","Unassign","RS sig","RS","Y","#B3CDE3"
"Bacteroidota","MAG_209",106,"MAG_209","Bacteroidota",0.536766,"M1","Bacteroidia","Cytophagales","Cyclobacteriaceae","PWU20","Unassign","RS sig","RS","Y","#B3CDE3"
"Bacteroidota","MAG_533",251,"MAG_533","Bacteroidota",0.001019,"M53","Bacteroidia","Cytophagales","Cyclobacteriaceae","ELB16-189","Unassign","RS sig","RS","Y","#B3CDE3"
"Bacteroidota","MAG_131",63,"MAG_131","Bacteroidota",0.002786,"M41","Bacteroidia","Chitinophagales","Chitinophagaceae","Pseudobacter","Unassign","RP sig","RP","Y","#B3CDE3"
"Bacteroidota","MAG_012",5,"MAG_012","Bacteroidota",0.310952,"M50","Bacteroidia","Chitinophagales","Chitinophagaceae","Niastella","Unassign","RP sig","RP","Y","#B3CDE3"
"Bacteroidota","MAG_116",58,"MAG_116","Bacteroidota",0.080822,"M47","Bacteroidia","Chitinophagales","Chitinophagaceae","Pseudobacter","Unassign","RP","RP","N","#B3CDE3"
"Bacteroidota","MAG_206",103,"MAG_206","Bacteroidota",0.08801,"M10","Bacteroidia","Chitinophagales","Chitinophagaceae","Flavisolibacter_B","Unassign","RS sig","RS","Y","#B3CDE3"
"Bacteroidota","MAG_110",55,"MAG_110","Bacteroidota",0.092469,"M40","Bacteroidia","Cytophagales","Cyclobacteriaceae","Ohtaekwangia","Unassign","RP","RP","N","#B3CDE3"
"Bacteroidota","MAG_564",262,"MAG_564","Bacteroidota",0.032034,"M53","Bacteroidia","Cytophagales","Cyclobacteriaceae","ELB16-189","Unassign","RS sig","RS","Y","#B3CDE3"
"Bacteroidota","MAG_453",217,"MAG_453","Bacteroidota",0.045397,"M10","Bacteroidia","Chitinophagales","Chitinophagaceae","Flavitalea","Unassign","RS sig","RS","Y","#B3CDE3"
"Bacteroidota","MAG_210",107,"MAG_210","Bacteroidota",0.371176,"M10","Bacteroidia","Chitinophagales","Chitinophagaceae","Flavisolibacter","Unassign","RS sig","RS","Y","#B3CDE3"
"Bacteroidota","MAG_007",3,"MAG_007","Bacteroidota",0.083715,"M16","Bacteroidia","Chitinophagales","Chitinophagaceae","JACDAZ01","Unassign","RP sig","RP","Y","#B3CDE3"
"Bacteroidota","MAG_028",12,"MAG_028","Bacteroidota",0.063284,"M44","Bacteroidia","Cytophagales","Cyclobacteriaceae","Ohtaekwangia","Unassign","RP sig","RP","Y","#B3CDE3"
"Chloroflexota","MAG_449",216,"MAG_449","Chloroflexota",0.007233,"M1","Anaerolineae","Aggregatilineales","A4b","OLB15","Unassign","RS sig","RS","Y","#FDDAEC"
"Chloroflexota","MAG_200",100,"MAG_200","Chloroflexota",3.864525,"M66","UBA6077","UBA6077","CF-72","Unassign","Unassign","RS sig","RS","Y","#FDDAEC"
"Chloroflexota","MAG_205",102,"MAG_205","Chloroflexota",2.480033,"M32","Anaerolineae","Anaerolineales","EnvOPS12","UBA12294","Unassign","RS sig","RS","Y","#FDDAEC"
"Chloroflexota","MAG_431",211,"MAG_431","Chloroflexota",0.019961,"M4","Chloroflexia","Thermomicrobiales","Unassign","Unassign","Unassign","RS sig","RS","Y","#FDDAEC"
"Chloroflexota","MAG_275",127,"MAG_275","Chloroflexota",3.092685,"M66","UBA6077","UBA6077","CF-72","Unassign","Unassign","RS sig","RS","Y","#FDDAEC"
"Chloroflexota","MAG_288",133,"MAG_288","Chloroflexota",0.563606,"M67","Chloroflexia","Thermomicrobiales","UBA6265","Unassign","Unassign","RS sig","RS","Y","#FDDAEC"
"Chloroflexota","MAG_472",223,"MAG_472","Chloroflexota",0.079841,"M3","Limnocylindria","Limnocylindrales","CSP1-4","SPCO01","Unassign","RS sig","RS","Y","#FDDAEC"
"Chloroflexota","MAG_230",113,"MAG_230","Chloroflexota",0.062693,"M4","Chloroflexia","Thermomicrobiales","Unassign","Unassign","Unassign","RS sig","RS","Y","#FDDAEC"
"Chloroflexota","MAG_338",162,"MAG_338","Chloroflexota",0.010706,"M39","Chloroflexia","Thermomicrobiales","UBA6265","Unassign","Unassign","RS sig","RS","Y","#FDDAEC"
"Chloroflexota","MAG_435",212,"MAG_435","Chloroflexota",0.001954,"M1","Anaerolineae","Anaerolineales","JABWBV01","JABWBV01","Unassign","RS sig","RS","Y","#FDDAEC"
"Chloroflexota","MAG_398",197,"MAG_398","Chloroflexota",0.029917,"M4","Chloroflexia","Thermomicrobiales","UBA6265","Unassign","Unassign","RS sig","RS","Y","#FDDAEC"
"Chloroflexota","MAG_464",220,"MAG_464","Chloroflexota",0.070521,"M3","Limnocylindria","QHBO01","QHBO01","Unassign","Unassign","RS sig","RS","Y","#FDDAEC"
"Chloroflexota","MAG_314",153,"MAG_314","Chloroflexota",0.372905,"M67","Chloroflexia","Thermomicrobiales","UBA6265","Unassign","Unassign","RS sig","RS","Y","#FDDAEC"
"Chloroflexota","MAG_064",27,"MAG_064","Chloroflexota",2.188187,"M32","Anaerolineae","Anaerolineales","EnvOPS12","UBA12294","Unassign","RS sig","RS","Y","#FDDAEC"
"Chloroflexota","MAG_253",119,"MAG_253","Chloroflexota",0.064788,"M3","Limnocylindria","QHBO01","QHBO01","Unassign","Unassign","RS sig","RS","Y","#FDDAEC"
"Chloroflexota","MAG_343",165,"MAG_343","Chloroflexota",0.073536,"M1","Anaerolineae","Anaerolineales","EnvOPS12","UBA12294","Unassign","RS sig","RS","Y","#FDDAEC"
"Chloroflexota","MAG_042",30,"MAG_042","Chloroflexota",1.091492,"M32","Anaerolineae","Anaerolineales","EnvOPS12","UBA12294","Unassign","RS sig","RS","Y","#FDDAEC"
"Desulfobacterota_B","MAG_308",148,"MAG_308","Desulfobacterota_B",0.756607,"M8","Binatia","UBA9968","UBA9968","WHTF01","Unassign","RS sig","RS","Y","#B3E2CD"
"Desulfobacterota_B","MAG_229",112,"MAG_229","Desulfobacterota_B",0.067509,"M8","Binatia","UBA9968","UBA9968","DP-20","Unassign","RS sig","RS","Y","#B3E2CD"
"Desulfobacterota_B","MAG_171",81,"MAG_171","Desulfobacterota_B",0.339335,"M8","Binatia","UBA9968","UBA9968","WHTF01","Unassign","RS sig","RS","Y","#B3E2CD"
"Desulfobacterota_B","MAG_523",245,"MAG_523","Desulfobacterota_B",0.567833,"M8","Binatia","UBA9968","UBA9968","WHTF01","Unassign","RS sig","RS","Y","#B3E2CD"
"Desulfobacterota_B","MAG_053",19,"MAG_053","Desulfobacterota_B",0.765911,"M8","Binatia","UBA9968","UBA9968","WHTF01","Unassign","RS sig","RS","Y","#B3E2CD"
"Desulfobacterota_B","MAG_566",263,"MAG_566","Desulfobacterota_B",0.041509,"M1","Binatia","UBA9968","UBA9968","DP-20","Unassign","RS sig","RS","Y","#B3E2CD"
"Desulfobacterota_B","MAG_556",260,"MAG_556","Desulfobacterota_B",0.015723,"M8","Binatia","UBA9968","UBA9968","DP-20","Unassign","RS sig","RS","Y","#B3E2CD"
"Eisenbacteria","MAG_465",221,"MAG_465","Eisenbacteria",0.009488,"M14","RBG-16-71-46","JABDJR01","Unassign","Unassign","Unassign","RS sig","RS","Y","#FB8072"
"Eisenbacteria","MAG_517",240,"MAG_517","Eisenbacteria",0.028736,"M1","RBG-16-71-46","RBG-16-71-46","RBG-16-71-46","WS-8","Unassign","RS sig","RS","Y","#FB8072"
"Eisenbacteria","MAG_507",234,"MAG_507","Eisenbacteria",0.035906,"M12","RBG-16-71-46","RBG-16-71-46","Unassign","Unassign","Unassign","RS sig","RS","Y","#FB8072"
"Firmicutes","MAG_014",6,"MAG_014","Firmicutes",0.549302,"M2","Bacilli","Bacillales_B","DSM-1321","Peribacillus","Peribacillus frigoritolerans","RP sig","RP","Y","#DECBE4"
"Firmicutes","MAG_215",109,"MAG_215","Firmicutes",0.388543,"M2","Bacilli","Bacillales_B","DSM-18226","Neobacillus","Unassign","RP sig","RP","Y","#DECBE4"
"Firmicutes","MAG_043",31,"MAG_043","Firmicutes",0.287419,"M2","Bacilli","Bacillales_B","DSM-1321","Peribacillus","Peribacillus frigoritolerans","RP sig","RP","Y","#DECBE4"
"Firmicutes","MAG_111",56,"MAG_111","Firmicutes",0.064402,"M2","Bacilli","Bacillales_D","Amphibacillaceae","Terribacillus","Terribacillus saccharophilus","RP sig","RP","Y","#DECBE4"
"Firmicutes","MAG_067",35,"MAG_067","Firmicutes",0.035555,"M2","Bacilli","Bacillales","Bacillaceae_H","Bacillus_I","Bacillus_I endophytica","RP sig","RP","Y","#DECBE4"
"Firmicutes","MAG_159",77,"MAG_159","Firmicutes",0.213252,"M2","Bacilli","Bacillales_B","DSM-18226","Cytobacillus","Unassign","RP","RP","N","#DECBE4"
"Firmicutes","MAG_148",73,"MAG_148","Firmicutes",0.068456,"M2","Bacilli","Bacillales_G","Fictibacillaceae","Fictibacillus","Fictibacillus barbaricus","RP sig","RP","Y","#DECBE4"
"Firmicutes","MAG_108",54,"MAG_108","Firmicutes",0.16145,"M2","Bacilli","Bacillales","Bacillaceae","Metabacillus","Metabacillus sp004801455","RP","RP","N","#DECBE4"
"Firmicutes","MAG_142",69,"MAG_142","Firmicutes",0.106374,"M2","Bacilli","Bacillales","Bacillaceae","Bacillus_P","Unassign","RP","RP","N","#DECBE4"
"Firmicutes","MAG_136",66,"MAG_136","Firmicutes",0.040511,"M2","Bacilli","Bacillales_D","Amphibacillaceae","Terribacillus","Terribacillus saccharophilus","RP sig","RP","Y","#DECBE4"
"Firmicutes","MAG_102",50,"MAG_102","Firmicutes",1.175237,"M2","Bacilli","Bacillales","Bacillaceae_H","Priestia","Priestia megaterium","RP sig","RP","Y","#DECBE4"
"Firmicutes","MAG_183",88,"MAG_183","Firmicutes",0.037506,"M2","Bacilli","Bacillales_G","Fictibacillaceae","Fictibacillus","Fictibacillus barbaricus","RP sig","RP","Y","#DECBE4"
"Firmicutes","MAG_274",126,"MAG_274","Firmicutes",0.02654,"M2","Bacilli","Bacillales_D","Amphibacillaceae","Terribacillus","Terribacillus saccharophilus","RP sig","RP","Y","#DECBE4"
"Firmicutes","MAG_294",139,"MAG_294","Firmicutes",0.094237,"M2","Bacilli","Bacillales_D","Amphibacillaceae","Terribacillus","Terribacillus saccharophilus","RP sig","RP","Y","#DECBE4"
"Firmicutes","MAG_147",72,"MAG_147","Firmicutes",0.09009,"M2","Bacilli","Bacillales","Bacillaceae","Bacillus","Bacillus halotolerans","RP sig","RP","Y","#DECBE4"
"Firmicutes","MAG_273",125,"MAG_273","Firmicutes",0.121715,"M2","Bacilli","Paenibacillales","Paenibacillaceae","Paenibacillus","Paenibacillus sp001860525","RP","RP","N","#DECBE4"
"Firmicutes","MAG_081",38,"MAG_081","Firmicutes",0.099264,"M2","Bacilli","Bacillales","Bacillaceae","Bacillus_P","Unassign","RP","RP","N","#DECBE4"
"Firmicutes","MAG_318",157,"MAG_318","Firmicutes",0.385999,"M2","Bacilli","Bacillales","Bacillaceae","Bacillus","Bacillus safensis","RP sig","RP","Y","#DECBE4"
"Firmicutes","MAG_074",36,"MAG_074","Firmicutes",0.005009,"M2","Bacilli","Bacillales","Bacillaceae","Bacillus","Bacillus licheniformis","RP sig","RP","Y","#DECBE4"
"Firmicutes","MAG_292",137,"MAG_292","Firmicutes",0.075276,"M2","Bacilli","Bacillales_G","Fictibacillaceae","Fictibacillus","Fictibacillus barbaricus","RP sig","RP","Y","#DECBE4"
"Firmicutes","MAG_146",71,"MAG_146","Firmicutes",0.229945,"M2","Bacilli","Bacillales_B","DSM-1321","Peribacillus","Peribacillus frigoritolerans","RP sig","RP","Y","#DECBE4"
"Gemmatimonadota","MAG_444",214,"MAG_444","Gemmatimonadota",0.037885,"M39","Gemmatimonadetes","Gemmatimonadales","GWC2-71-9","JACDDX01","Unassign","RS sig","RS","Y","#E6F5C9"
"Gemmatimonadota","MAG_412",203,"MAG_412","Gemmatimonadota",0.069011,"M5","Gemmatimonadetes","Gemmatimonadales","GWC2-71-9","Unassign","Unassign","RS sig","RS","Y","#E6F5C9"
"Gemmatimonadota","MAG_509",235,"MAG_509","Gemmatimonadota",0.22661,"M12","Gemmatimonadetes","Gemmatimonadales","Gemmatimonadaceae","JABWBJ01","Unassign","RS sig","RS","Y","#E6F5C9"
"Gemmatimonadota","MAG_217",110,"MAG_217","Gemmatimonadota",0.037545,"M34","Gemmatimonadetes","Gemmatimonadales","GWC2-71-9","Unassign","Unassign","RS sig","RS","Y","#E6F5C9"
"Gemmatimonadota","MAG_347",167,"MAG_347","Gemmatimonadota",0.141947,"M5","Gemmatimonadetes","Gemmatimonadales","GWC2-71-9","Unassign","Unassign","RS sig","RS","Y","#E6F5C9"
"Gemmatimonadota","MAG_480",228,"MAG_480","Gemmatimonadota",0.051926,"M30","Gemmatimonadetes","Gemmatimonadales","GWC2-71-9","SZUA-320","Unassign","RS sig","RS","Y","#E6F5C9"
"Gemmatimonadota","MAG_421",208,"MAG_421","Gemmatimonadota",0.116653,"M5","Gemmatimonadetes","Gemmatimonadales","GWC2-71-9","Unassign","Unassign","RS sig","RS","Y","#E6F5C9"
"Gemmatimonadota","MAG_355",171,"MAG_355","Gemmatimonadota",0.035047,"M1","Gemmatimonadetes","Longimicrobiales","UBA6960","JAAXGI01","Unassign","RS sig","RS","Y","#E6F5C9"
"Gemmatimonadota","MAG_384",187,"MAG_384","Gemmatimonadota",0.103571,"M5","Gemmatimonadetes","Gemmatimonadales","GWC2-71-9","Unassign","Unassign","RS sig","RS","Y","#E6F5C9"
"Gemmatimonadota","MAG_568",264,"MAG_568","Gemmatimonadota",0.037387,"M12","Gemmatimonadetes","Gemmatimonadales","GWC2-71-9","Unassign","Unassign","RS sig","RS","Y","#E6F5C9"
"Gemmatimonadota","MAG_354",170,"MAG_354","Gemmatimonadota",0.045711,"M30","Gemmatimonadetes","Gemmatimonadales","GWC2-71-9","SZUA-320","Unassign","RS sig","RS","Y","#E6F5C9"
"Gemmatimonadota","MAG_551",257,"MAG_551","Gemmatimonadota",0.107433,"M12","Gemmatimonadetes","Gemmatimonadales","Gemmatimonadaceae","JABWBJ01","Unassign","RS sig","RS","Y","#E6F5C9"
"Krumholzibacteriota","MAG_410",202,"MAG_410","Krumholzibacteriota",0.046501,"M1","Krumholzibacteria","WVZY01","Unassign","Unassign","Unassign","RS sig","RS","Y","#BEBADA"
"Methylomirabilota","MAG_201",101,"MAG_201","Methylomirabilota",0.880964,"M64","Methylomirabilia","Rokubacteriales","CSP1-6","AR12","Unassign","RS sig","RS","Y","#CBD5E8"
"Methylomirabilota","MAG_361",172,"MAG_361","Methylomirabilota",0.540914,"M12","Methylomirabilia","Rokubacteriales","CSP1-6","Unassign","Unassign","RS sig","RS","Y","#CBD5E8"
"Methylomirabilota","MAG_429",210,"MAG_429","Methylomirabilota",0.661172,"M64","Methylomirabilia","Rokubacteriales","CSP1-6","AR12","Unassign","RS sig","RS","Y","#CBD5E8"
"Myxococcota","MAG_563",261,"MAG_563","Myxococcota",0.234221,"M1","Polyangia","Haliangiales","Haliangiaceae","Unassign","Unassign","RS sig","RS","Y","#FED9A6"
"Myxococcota","MAG_585",271,"MAG_585","Myxococcota",0.135257,"M1","Polyangia","Nannocystales","Nannocystaceae","Unassign","Unassign","RS sig","RS","Y","#FED9A6"
"Myxococcota","MAG_026",10,"MAG_026","Myxococcota",0.023915,"M44","Polyangia","Polyangiales","Polyangiaceae","PMG-095","Unassign","RP","RP","N","#FED9A6"
"Myxococcota","MAG_143",70,"MAG_143","Myxococcota",0.184765,"M61","Polyangia","Polyangiales","Polyangiaceae","PMG-095","Unassign","RP sig","RP","Y","#FED9A6"
"Myxococcota","MAG_156",76,"MAG_156","Myxococcota",0.185359,"M61","Polyangia","Polyangiales","Polyangiaceae","PMG-095","Unassign","RP sig","RP","Y","#FED9A6"
"Myxococcota","MAG_057",22,"MAG_057","Myxococcota",0.175046,"M58","Polyangia","Polyangiales","Polyangiaceae","Unassign","Unassign","RP sig","RP","Y","#FED9A6"
"Myxococcota","MAG_019",7,"MAG_019","Myxococcota",0.182667,"M58","Polyangia","Polyangiales","Polyangiaceae","Unassign","Unassign","RP sig","RP","Y","#FED9A6"
"Myxococcota_A","MAG_383",186,"MAG_383","Myxococcota_A",0.150779,"M30","UBA9160","UBA9160","SMWR01","Unassign","Unassign","RS sig","RS","Y","#FFFFB3"
"Nitrospirota","MAG_280",128,"MAG_280","Nitrospirota",0.756903,"M36","Nitrospiria","Nitrospirales","Nitrospiraceae","Nitrospira_C","Unassign","RS sig","RS","Y","#F4CAE4"
"Nitrospirota","MAG_208",105,"MAG_208","Nitrospirota",0.73998,"M36","Nitrospiria","Nitrospirales","Nitrospiraceae","Nitrospira_C","Unassign","RS sig","RS","Y","#F4CAE4"
"Patescibacteria","MAG_154",75,"MAG_154","Patescibacteria",0.035414,"M20","Saccharimonadia","Saccharimonadales","UBA4665","PMNU01","Unassign","RP sig","RP","Y","#F2F2F2"
"Patescibacteria","MAG_190",93,"MAG_190","Patescibacteria",0.034725,"M20","Saccharimonadia","Saccharimonadales","UBA4665","Unassign","Unassign","RP sig","RP","Y","#F2F2F2"
"Patescibacteria","MAG_105",52,"MAG_105","Patescibacteria",0.003249,"M42","Saccharimonadia","Saccharimonadales","UBA4665","Unassign","Unassign","RP sig","RP","Y","#F2F2F2"
"Patescibacteria","MAG_106",53,"MAG_106","Patescibacteria",0.006847,"M28","Saccharimonadia","Saccharimonadales","EFPC-124","EFPC-124","Unassign","RP sig","RP","Y","#F2F2F2"
"Patescibacteria","MAG_380",183,"MAG_380","Patescibacteria",0.01515,"M28","Saccharimonadia","Saccharimonadales","EFPC-124","Unassign","Unassign","RP sig","RP","Y","#F2F2F2"
"Patescibacteria","MAG_003",2,"MAG_003","Patescibacteria",0.010056,"M50","Saccharimonadia","Saccharimonadales","UBA4665","PMNU01","Unassign","RP sig","RP","Y","#F2F2F2"
"Patescibacteria","MAG_041",29,"MAG_041","Patescibacteria",0.003927,"M28","Saccharimonadia","Saccharimonadales","EFPC-124","EFPC-124","Unassign","RP sig","RP","Y","#F2F2F2"
"Patescibacteria","MAG_135",65,"MAG_135","Patescibacteria",0.045395,"M20","Saccharimonadia","Saccharimonadales","UBA1547","Unassign","Unassign","RP sig","RP","Y","#F2F2F2"
"Patescibacteria","MAG_175",83,"MAG_175","Patescibacteria",0.029798,"M20","Saccharimonadia","Saccharimonadales","UBA4665","Unassign","Unassign","RP sig","RP","Y","#F2F2F2"
"Patescibacteria","MAG_189",92,"MAG_189","Patescibacteria",0.003755,"M42","Saccharimonadia","Saccharimonadales","UBA4665","PMNU01","Unassign","RP","RP","N","#F2F2F2"
"Planctomycetota","MAG_537",253,"MAG_537","Planctomycetota",0.039775,"M1","UBA1135","UBA1135","GCA-002686595","JABFRZ01","Unassign","RS sig","RS","Y","#FFF2AE"
"Planctomycetota","MAG_309",149,"MAG_309","Planctomycetota",0.79928,"M56","Planctomycetia","Gemmatales","Gemmataceae","Unassign","Unassign","RS sig","RS","Y","#FFF2AE"
"Planctomycetota","MAG_395",195,"MAG_395","Planctomycetota",0.026729,"M1","Phycisphaerae","Phycisphaerales","SM1A02","CAADGA01","Unassign","RS sig","RS","Y","#FFF2AE"
"Planctomycetota","MAG_529",248,"MAG_529","Planctomycetota",0.046343,"M48","Phycisphaerae","Tepidisphaerales","Unassign","Unassign","Unassign","RS sig","RS","Y","#FFF2AE"
"Planctomycetota","MAG_580",269,"MAG_580","Planctomycetota",0.056474,"M48","Phycisphaerae","Tepidisphaerales","Unassign","Unassign","Unassign","RS sig","RS","Y","#FFF2AE"
"Planctomycetota","MAG_520",242,"MAG_520","Planctomycetota",0.035701,"M1","Phycisphaerae","UBA1845","Fen-1342","JACRLV01","Unassign","RS sig","RS","Y","#FFF2AE"
"Planctomycetota","MAG_339",163,"MAG_339","Planctomycetota",0.18115,"M1","B15-G4","B15-G4","B15-G4","Unassign","Unassign","RS sig","RS","Y","#FFF2AE"
"Planctomycetota","MAG_291",136,"MAG_291","Planctomycetota",0.79268,"M56","Planctomycetia","Gemmatales","Gemmataceae","Unassign","Unassign","RS sig","RS","Y","#FFF2AE"
"Planctomycetota","MAG_390",190,"MAG_390","Planctomycetota",0.192023,"M1","UBA1135","UBA2386","UBA2386","Unassign","Unassign","RS sig","RS","Y","#FFF2AE"
"Planctomycetota","MAG_545",255,"MAG_545","Planctomycetota",0.018183,"M1","UBA1135","UBA1135","GCA-002686595","Unassign","Unassign","RS sig","RS","Y","#FFF2AE"
"Planctomycetota","MAG_394",194,"MAG_394","Planctomycetota",0.256072,"M10","Phycisphaerae","Phycisphaerae","SM1A02","CAADGA01","Unassign","RS sig","RS","Y","#FFF2AE"
"Planctomycetota","MAG_542",254,"MAG_542","Planctomycetota",0.227899,"M13","Phycisphaerae","Tepidisphaerales","Unassign","Unassign","Unassign","RS sig","RS","Y","#FFF2AE"
"Proteobacteria","MAG_002",1,"MAG_002","Proteobacteria",0.060763,"M19","Gammaproteobacteria","Burkholderiales","Burkholderiaceae","Variovorax","Unassign","RP sig","RP","Y","#FBB4AE"
"Proteobacteria","MAG_172",82,"MAG_172","Proteobacteria",0.086961,"M11","Alphaproteobacteria","Sphingomonadales","Sphingomonadaceae","Unassign","Unassign","RP sig","RP","Y","#FBB4AE"
"Proteobacteria","MAG_091",43,"MAG_091","Proteobacteria",0.094086,"M11","Alphaproteobacteria","Sphingomonadales","Sphingomonadaceae","Sphingomonas_H","Unassign","RP sig","RP","Y","#FBB4AE"
"Proteobacteria","MAG_093",44,"MAG_093","Proteobacteria",0.020534,"M2","Gammaproteobacteria","Pseudomonadales","Moraxellaceae","Acinetobacter","Acinetobacter calcoaceticus","RP sig","RP","Y","#FBB4AE"
"Proteobacteria","MAG_094",45,"MAG_094","Proteobacteria",0.026564,"M15","Alphaproteobacteria","Rhizobiales","Rhizobiaceae","Agrobacterium","Agrobacterium tumefaciens","RP sig","RP","Y","#FBB4AE"
"Proteobacteria","MAG_097",46,"MAG_097","Proteobacteria",0.097508,"M60","Alphaproteobacteria","Rhizobiales","Beijerinckiaceae","Bosea","Unassign","RP sig","RP","Y","#FBB4AE"
"Proteobacteria","MAG_180",87,"MAG_180","Proteobacteria",0.188897,"M6","Alphaproteobacteria","Rhizobiales","Rhizobiaceae","Sinorhizobium","Sinorhizobium meliloti_A","RP sig","RP","Y","#FBB4AE"
"Proteobacteria","MAG_100",48,"MAG_100","Proteobacteria",0.075036,"M19","Gammaproteobacteria","Burkholderiales","Burkholderiaceae","Variovorax","Unassign","RP sig","RP","Y","#FBB4AE"
"Proteobacteria","MAG_024",9,"MAG_024","Proteobacteria",0.191246,"M33","Gammaproteobacteria","Xanthomonadales","Xanthomonadaceae","Lysobacter","Unassign","RP sig","RP","Y","#FBB4AE"
"Proteobacteria","MAG_186",90,"MAG_186","Proteobacteria",0.12844,"M6","Alphaproteobacteria","Rhizobiales","Rhizobiaceae","Sinorhizobium","Sinorhizobium meliloti_A","RP sig","RP","Y","#FBB4AE"
"Proteobacteria","MAG_187",91,"MAG_187","Proteobacteria",0.041027,"M15","Alphaproteobacteria","Rhizobiales","Rhizobiaceae","Agrobacterium","Agrobacterium tumefaciens","RP sig","RP","Y","#FBB4AE"
"Proteobacteria","MAG_054",20,"MAG_054","Proteobacteria",0.060499,"M29","Gammaproteobacteria","Burkholderiales","Burkholderiaceae","Pelomonas","Unassign","RP sig","RP","Y","#FBB4AE"
"Proteobacteria","MAG_032",13,"MAG_032","Proteobacteria",0.107588,"M29","Gammaproteobacteria","Burkholderiales","Burkholderiaceae","Pelomonas","Unassign","RP sig","RP","Y","#FBB4AE"
"Proteobacteria","MAG_033",14,"MAG_033","Proteobacteria",0.69101,"M17","Gammaproteobacteria","Burkholderiales","SG8-39","SCGC-AG-212-J23","Unassign","RS sig","RS","Y","#FBB4AE"
"Proteobacteria","MAG_058",23,"MAG_058","Proteobacteria",0.050048,"M11","Alphaproteobacteria","Sphingomonadales","Sphingomonadaceae","Unassign","Unassign","RP sig","RP","Y","#FBB4AE"
"Proteobacteria","MAG_059",24,"MAG_059","Proteobacteria",0.135953,"M29","Gammaproteobacteria","Burkholderiales","Burkholderiaceae","Pelomonas","Unassign","RP sig","RP","Y","#FBB4AE"
"Proteobacteria","MAG_039",28,"MAG_039","Proteobacteria",0.014885,"M43","Gammaproteobacteria","Xanthomonadales","Xanthomonadaceae","Stenotrophomonas","Stenotrophomonas geniculata","RP sig","RP","Y","#FBB4AE"
"Proteobacteria","MAG_197",98,"MAG_197","Proteobacteria",0.846944,"M17","Gammaproteobacteria","Burkholderiales","SG8-39","SCGC-AG-212-J23","Unassign","RS sig","RS","Y","#FBB4AE"
"Proteobacteria","MAG_118",59,"MAG_118","Proteobacteria",0.061009,"M26","Alphaproteobacteria","Rhizobiales","Rhizobiaceae","Mesorhizobium","Unassign","RP sig","RP","Y","#FBB4AE"
"Proteobacteria","MAG_119",60,"MAG_119","Proteobacteria",0.01138,"M52","Gammaproteobacteria","Enterobacterales","Enterobacteriaceae","Kosakonia","Kosakonia cowanii","RP","RP","N","#FBB4AE"
"Proteobacteria","MAG_066",34,"MAG_066","Proteobacteria",0.055369,"M65","Alphaproteobacteria","Sphingomonadales","Sphingomonadaceae","Sphingobium_A","Unassign","RP sig","RP","Y","#FBB4AE"
"Proteobacteria","MAG_050",17,"MAG_050","Proteobacteria",0.017484,"M26","Alphaproteobacteria","Rhizobiales","Rhizobiaceae","Mesorhizobium","Unassign","RP sig","RP","Y","#FBB4AE"
"Proteobacteria","MAG_301",143,"MAG_301","Proteobacteria",0.241829,"M1","Gammaproteobacteria","Burkholderiales","SG8-41","DSOT01","Unassign","RS sig","RS","Y","#FBB4AE"
"Proteobacteria","MAG_132",64,"MAG_132","Proteobacteria",0.05428,"M62","Gammaproteobacteria","Xanthomonadales","Xanthomonadaceae","Pseudoxanthomonas_A","Unassign","RP sig","RP","Y","#FBB4AE"
"Proteobacteria","MAG_163",78,"MAG_163","Proteobacteria",0.065375,"M65","Alphaproteobacteria","Sphingomonadales","Sphingomonadaceae","Sphingobium_A","Unassign","RP sig","RP","Y","#FBB4AE"
"Proteobacteria","MAG_056",21,"MAG_056","Proteobacteria",0.069891,"M19","Gammaproteobacteria","Burkholderiales","Burkholderiaceae","Variovorax","Unassign","RP sig","RP","Y","#FBB4AE"
"Proteobacteria","MAG_137",67,"MAG_137","Proteobacteria",0.093338,"M6","Alphaproteobacteria","Rhizobiales","Rhizobiaceae","Sinorhizobium","Sinorhizobium meliloti_A","RP sig","RP","Y","#FBB4AE"
"Proteobacteria","MAG_089",41,"MAG_089","Proteobacteria",0.006844,"M43","Gammaproteobacteria","Xanthomonadales","Xanthomonadaceae","Stenotrophomonas","Stenotrophomonas geniculata","RP sig","RP","Y","#FBB4AE"
"Proteobacteria","MAG_139",68,"MAG_139","Proteobacteria",0.002708,"M52","Gammaproteobacteria","Enterobacterales","Enterobacteriaceae","Kosakonia","Kosakonia cowanii","RP sig","RP","Y","#FBB4AE"
"Proteobacteria","MAG_060",25,"MAG_060","Proteobacteria",0.107108,"M60","Alphaproteobacteria","Rhizobiales","Beijerinckiaceae","Bosea","Unassign","RP sig","RP","Y","#FBB4AE"
"Proteobacteria","MAG_062",26,"MAG_062","Proteobacteria",0.098927,"M11","Alphaproteobacteria","Sphingomonadales","Sphingomonadaceae","Unassign","Unassign","RP sig","RP","Y","#FBB4AE"
"Proteobacteria","MAG_392",192,"MAG_392","Proteobacteria",0.013398,"M1","Gammaproteobacteria","Xanthomonadales","SZUA-36","SHZL01","Unassign","RS sig","RS","Y","#FBB4AE"
"Proteobacteria","MAG_065",33,"MAG_065","Proteobacteria",0.121935,"M6","Alphaproteobacteria","Rhizobiales","Rhizobiaceae","Ensifer","Ensifer adhaerens","RP sig","RP","Y","#FBB4AE"
"Proteobacteria","MAG_298",140,"MAG_298","Proteobacteria",0.186252,"M6","Alphaproteobacteria","Rhizobiales","Rhizobiaceae","Sinorhizobium","Sinorhizobium meliloti_A","RP sig","RP","Y","#FBB4AE"
"Proteobacteria","MAG_349",168,"MAG_349","Proteobacteria",0.150098,"M31","Gammaproteobacteria","Burkholderiales","Burkholderiaceae","Pseudorivibacter","Pseudorivibacter rhizosphaerae","RP sig","RP","Y","#FBB4AE"
"Proteobacteria","MAG_243",116,"MAG_243","Proteobacteria",0.315949,"M57","Alphaproteobacteria","Sphingomonadales","Sphingomonadaceae","Sphingomicrobium","Unassign","RS sig","RS","Y","#FBB4AE"
"Proteobacteria","MAG_078",37,"MAG_078","Proteobacteria",0.311683,"M25","Gammaproteobacteria","Steroidobacterales","Steroidobacteraceae","Steroidobacter_A","Unassign","RP sig","RP","Y","#FBB4AE"
"Proteobacteria","MAG_179",86,"MAG_179","Proteobacteria",0.53809,"M17","Gammaproteobacteria","Burkholderiales","SG8-39","SCGC-AG-212-J23","Unassign","RS sig","RS","Y","#FBB4AE"
"Proteobacteria","MAG_084",39,"MAG_084","Proteobacteria",0.064125,"M6","Alphaproteobacteria","Rhizobiales","Rhizobiaceae","Neorhizobium","Neorhizobium huautlense","RP sig","RP","Y","#FBB4AE"
"Proteobacteria","MAG_085",40,"MAG_085","Proteobacteria",0.051529,"M26","Alphaproteobacteria","Rhizobiales","Rhizobiaceae","Mesorhizobium","Unassign","RP sig","RP","Y","#FBB4AE"
"Proteobacteria","MAG_191",94,"MAG_191","Proteobacteria",0.077316,"M19","Gammaproteobacteria","Burkholderiales","Burkholderiaceae","Variovorax","Unassign","RP sig","RP","Y","#FBB4AE"
"Proteobacteria","MAG_284",130,"MAG_284","Proteobacteria",0.04959,"M11","Alphaproteobacteria","Sphingomonadales","Sphingomonadaceae","Unassign","Unassign","RP sig","RP","Y","#FBB4AE"
"Proteobacteria","MAG_263",123,"MAG_263","Proteobacteria",0.009832,"M33","Gammaproteobacteria","Xanthomonadales","Xanthomonadaceae","Pseudoxanthomonas_A","Unassign","RP sig","RP","Y","#FBB4AE"
"Proteobacteria","MAG_177",84,"MAG_177","Proteobacteria",0.055543,"M6","Alphaproteobacteria","Rhizobiales","Rhizobiaceae","Neorhizobium","Neorhizobium huautlense","RP sig","RP","Y","#FBB4AE"
"Proteobacteria","MAG_178",85,"MAG_178","Proteobacteria",0.029471,"M15","Alphaproteobacteria","Rhizobiales","Rhizobiaceae","Agrobacterium","Agrobacterium tumefaciens","RP sig","RP","Y","#FBB4AE"
"Proteobacteria","MAG_169",80,"MAG_169","Proteobacteria",0.036991,"M62","Gammaproteobacteria","Xanthomonadales","Xanthomonadaceae","Pseudoxanthomonas_A","Unassign","RP sig","RP","Y","#FBB4AE"
"Proteobacteria","MAG_418",206,"MAG_418","Proteobacteria",0.247032,"M5","Gammaproteobacteria","Burkholderiales","Usitatibacteraceae","Usitatibacter","Unassign","RS sig","RS","Y","#FBB4AE"
"Proteobacteria","MAG_475",225,"MAG_475","Proteobacteria",0.034608,"M57","Alphaproteobacteria","Sphingomonadales","Sphingomonadaceae","Sphingobium","Unassign","RS","RS","N","#FBB4AE"
"Proteobacteria","MAG_101",49,"MAG_101","Proteobacteria",0.285515,"M25","Gammaproteobacteria","Steroidobacterales","Steroidobacteraceae","Steroidobacter_A","Unassign","RP sig","RP","Y","#FBB4AE"
"Proteobacteria","MAG_272",124,"MAG_272","Proteobacteria",0.235271,"M31","Gammaproteobacteria","Burkholderiales","Burkholderiaceae","Pseudorivibacter","Pseudorivibacter rhizosphaerae","RP sig","RP","Y","#FBB4AE"
"Proteobacteria","MAG_522",244,"MAG_522","Proteobacteria",0.578324,"M17","Gammaproteobacteria","Burkholderiales","SG8-39","SCGC-AG-212-J23","Unassign","RS sig","RS","Y","#FBB4AE"
"Proteobacteria","MAG_185",89,"MAG_185","Proteobacteria",0.096651,"M49","Gammaproteobacteria","Xanthomonadales","Xanthomonadaceae","Unassign","Unassign","RP sig","RP","Y","#FBB4AE"
"Proteobacteria","MAG_306",146,"MAG_306","Proteobacteria",0.258503,"M31","Gammaproteobacteria","Burkholderiales","Burkholderiaceae","Pseudorivibacter","Pseudorivibacter rhizosphaerae","RP sig","RP","Y","#FBB4AE"
"Proteobacteria","MAG_130",62,"MAG_130","Proteobacteria",0.046609,"M15","Alphaproteobacteria","Rhizobiales","Rhizobiaceae","Agrobacterium","Agrobacterium tumefaciens","RP sig","RP","Y","#FBB4AE"
"Proteobacteria","MAG_511",236,"MAG_511","Proteobacteria",0.045272,"M38","Alphaproteobacteria","Rhizobiales","Xanthobacteraceae","Unassign","Unassign","RP sig","RP","Y","#FBB4AE"
"Proteobacteria","MAG_113",57,"MAG_113","Proteobacteria",0.367906,"M25","Alphaproteobacteria","Rhizobiales","Devosiaceae","Devosia_A","Unassign","RP sig","RP","Y","#FBB4AE"
"Proteobacteria","MAG_166",79,"MAG_166","Proteobacteria",0.064326,"M49","Gammaproteobacteria","Xanthomonadales","Xanthomonadaceae","Unassign","Unassign","RP sig","RP","Y","#FBB4AE"
"Proteobacteria","MAG_571",266,"MAG_571","Proteobacteria",0.015758,"M1","Gammaproteobacteria","Steroidobacterales","Steroidobacteraceae","Unassign","Unassign","RS sig","RS","Y","#FBB4AE"
"Proteobacteria","MAG_251",118,"MAG_251","Proteobacteria",0.154993,"M1","Gammaproteobacteria","Burkholderiales","SG8-41","DSOT01","Unassign","RS sig","RS","Y","#FBB4AE"
"Proteobacteria","MAG_320",158,"MAG_320","Proteobacteria",0.125573,"M1","Gammaproteobacteria","Burkholderiales","SG8-39","JAABQT01","Unassign","RS sig","RS","Y","#FBB4AE"
"Tectomicrobia","MAG_474",224,"MAG_474","Tectomicrobia",0.014627,"M4","Entotheonellia","Entotheonellales","Entotheonellaceae","Entotheonella","Unassign","RS sig","RS","Y","#F1E2CC"
"Tectomicrobia","MAG_236",114,"MAG_236","Tectomicrobia",0.027026,"M4","Entotheonellia","Entotheonellales","Entotheonellaceae","Unassign","Unassign","RS sig","RS","Y","#F1E2CC"
"Thermoproteota","MAG_035",15,"MAG_035","Thermoproteota",0.164428,"M4","Nitrososphaeria","Nitrososphaerales","Nitrososphaeraceae","Nitrososphaera","Unassign","RS sig","RS","Y","#FFFFCC"
"Thermoproteota","MAG_258",121,"MAG_258","Thermoproteota",0.062925,"M27","Nitrososphaeria","Nitrososphaerales","Nitrososphaeraceae","Nitrosocosmicus","Unassign","RS sig","RS","Y","#FFFFCC"
"Thermoproteota","MAG_285",131,"MAG_285","Thermoproteota",0.229509,"M4","Nitrososphaeria","Nitrososphaerales","Nitrososphaeraceae","Nitrososphaera","Unassign","RS sig","RS","Y","#FFFFCC"
"Thermoproteota","MAG_331",160,"MAG_331","Thermoproteota",0.00571,"M4","Nitrososphaeria","Nitrososphaerales","Nitrososphaeraceae","Nitrososphaera","Unassign","RS sig","RS","Y","#FFFFCC"
"Thermoproteota","MAG_581",270,"MAG_581","Thermoproteota",0.09746,"M46","Nitrososphaeria","Nitrososphaerales","Nitrososphaeraceae","TA-21","Unassign","RS sig","RS","Y","#FFFFCC"
"Thermoproteota","MAG_521",243,"MAG_521","Thermoproteota",0.519118,"M4","Nitrososphaeria","Nitrososphaerales","Nitrososphaeraceae","Nitrososphaera","Unassign","RS sig","RS","Y","#FFFFCC"
"Thermoproteota","MAG_419",207,"MAG_419","Thermoproteota",0.042493,"M27","Nitrososphaeria","Nitrososphaerales","Nitrososphaeraceae","Nitrosocosmicus","Unassign","RS sig","RS","Y","#FFFFCC"
"Thermoproteota","MAG_512",237,"MAG_512","Thermoproteota",0.038103,"M27","Nitrososphaeria","Nitrososphaerales","Nitrososphaeraceae","Nitrosocosmicus","Unassign","RS sig","RS","Y","#FFFFCC"
"Thermoproteota","MAG_289",134,"MAG_289","Thermoproteota",0.23619,"M46","Nitrososphaeria","Nitrososphaerales","Nitrososphaeraceae","TA-21","TA-21 sp014381105","RS sig","RS","Y","#FFFFCC"
"Thermoproteota","MAG_313",152,"MAG_313","Thermoproteota",0.232093,"M4","Nitrososphaeria","Nitrososphaerales","Nitrososphaeraceae","Nitrososphaera","Unassign","RS sig","RS","Y","#FFFFCC"
"Verrucomicrobiota","MAG_021",8,"MAG_021","Verrucomicrobiota",0.022614,"M41","Verrucomicrobiae","Opitutales","Opitutaceae","Lacunisphaera","Unassign","RP sig","RP","Y","#CCEBC5"
"Verrucomicrobiota","MAG_045",32,"MAG_045","Verrucomicrobiota",0.306635,"M21","Verrucomicrobiae","Verrucomicrobiales","Akkermansiaceae","Luteolibacter","Unassign","RS sig","RS","Y","#CCEBC5"
"Verrucomicrobiota","MAG_010",4,"MAG_010","Verrucomicrobiota",0.227331,"M21","Verrucomicrobiae","Verrucomicrobiales","Akkermansiaceae","Luteolibacter","Unassign","RS sig","RS","Y","#CCEBC5"
"Verrucomicrobiota","MAG_532",250,"MAG_532","Verrucomicrobiota",0.015165,"M63","Verrucomicrobiae","Pedosphaerales","UBA8199","PSRM01","Unassign","RS sig","RS","Y","#CCEBC5"
"Verrucomicrobiota","MAG_416",205,"MAG_416","Verrucomicrobiota",0.020911,"M13","Verrucomicrobiae","Chthoniobacterales","Chthoniobacteraceae","Unassign","Unassign","RS sig","RS","Y","#CCEBC5"
"Verrucomicrobiota","MAG_196",97,"MAG_196","Verrucomicrobiota",0.221267,"M21","Verrucomicrobiae","Verrucomicrobiales","Akkermansiaceae","Luteolibacter","Unassign","RS sig","RS","Y","#CCEBC5"
"Verrucomicrobiota","MAG_500",232,"MAG_500","Verrucomicrobiota",0.022514,"M2","Verrucomicrobiae","Chthoniobacterales","Terrimicrobiaceae","Unassign","Unassign","RS sig","RS","Y","#CCEBC5"
"Verrucomicrobiota","MAG_317",156,"MAG_317","Verrucomicrobiota",0.188325,"M21","Verrucomicrobiae","Verrucomicrobiales","Akkermansiaceae","Luteolibacter","Unassign","RS sig","RS","Y","#CCEBC5"
"Verrucomicrobiota","MAG_391",191,"MAG_391","Verrucomicrobiota",0.045402,"M63","Verrucomicrobiae","Pedosphaerales","UBA8199","PSRM01","Unassign","RS sig","RS","Y","#CCEBC5"
"Verrucomicrobiota","MAG_246",117,"MAG_246","Verrucomicrobiota",0.103843,"M13","Verrucomicrobiae","Chthoniobacterales","Chthoniobacteraceae","Unassign","Unassign","RS sig","RS","Y","#CCEBC5"
